tweet_id,file_name,completeness,content_type,text_body,username,image_text_description,likes,replies,retweets,views,time_of_post,supportive,hostile,sarcastic,ambivalent,nationalist,anti_elite,fearful,optimistic,skeptical,disengaged,neg,neu,pos,compound
1.85256E+18,screenshot_63.png,1,tweet,TO THINK THAT IMPORTING WELFARE RECIPIENTS WHO WANT TO KILL US IS A GOOD IDEA,Kamala Harris,Image shows a woman (Kamala Harris) smiling. The image is associated with a positive sentiment.,5,1,1,0,34m,0,-0.7,0,0,0,0,0.7,0,0,0,0.236,0.553,0.211,-0.3612
1.85256E+18,screenshot_63.png,1,tweet,loser,juki2k,Image shows a woman smiling. The image is associated with a positive sentiment.,15,1,1,0,34m,0,-0.9,0,0,0,0,0,0,0,0,1,0,0,-0.5267
1.85256E+18,screenshot_63.png,1,tweet,Trump is a loser,franklinsbored,Image shows a picture of Donald Trump. The image is associated with a negative sentiment.,13,1,27,0,2h,0,0.8,0,0,0,0,0,0,0,0,0.63,0.37,0,-0.5267
1.85256E+18,screenshot_48.png,1,tweet,"Fixed it. 
I will be president for all Americans. 
@KamalaHarris #6 
@KamalaHarris #Oligarchs",Kamala Harris,"Image shows Kamala Harris with an American flag background, suggesting a political campaign or statement.",0,0,0,0,11 hr,0.8,-0.2,-0.5,-0.7,0.6,0.4,-0.1,0.9,-0.6,-0.8,0,1,0,0
1.85256E+18,screenshot_48.png,1,tweet,"God willing, we won't have to worry about that. Your campaign has been the most divisive I've seen in my lifetime.",Lockean Legacy,No image present.,0,0,0,0,25m,-0.5,0.7,-0.2,0.1,0,0,0.2,-0.8,0.6,-0.4,0,0.808,0.192,0.5432
1.85256E+18,screenshot_64.png,1,reply,You'll be working at Burger King.,Fixxer,"Image shows a person holding a sign that says ""I WILL FIX EVERYTHING THAT JOE & I F*CKED UP SINCE 2021"" with a picture of a person in the background. The image is likely intended to be critical of the current administration.",10,0,0,0,7h,0,0.8,0.6,0,0,0.6,0,-0.8,0.7,0,0,1,0,0
1.85256E+18,screenshot_64.png,1,tweet,Disgusting,Dale Plemons,Image shows a woman with a distressed expression. The image is likely intended to evoke negative emotions and disapproval.,0,0,0,0,2h,-0.9,0.9,0,0,0,0,0.7,-0.9,0,0,1,0,0,-0.5267
1.85256E+18,screenshot_64.png,1,tweet,"Omg. The woman who was ultrafrog and watching Biddy blackmail and sexually assault women, women and children is now weeping begging you to vote for Kamala Harris.",Green Lives Matter,Image shows a woman with a distressed expression. The image is likely intended to evoke negative emotions and disapproval.,0,0,0,0,17h,-0.9,0.9,0,0,0,0,0.8,-0.9,0,0,0.211,0.789,0,-0.7717
1.85256E+18,screenshot_8.png,1,tweet,"People who do a poor job at their position don't get a promotion. Here's one of yours, Shama. He/she for canceling Trump's border security measures. So much available pain. -V",RealVinnieJames,"Image shows a young Black man, close-up portrait.  The image is likely associated with a news article about a migrant who was allegedly raped. The emotional tone of the image is likely serious and potentially evokes feelings of anger, sadness, or fear. The image is likely associated with the tweet's content about border security measures and the alleged victim.",4,7,17,289,7th,0,0,0,0,0,0,0.5,-0.5,0,0,0.196,0.734,0.07,-0.6444
1.85256E+18,screenshot_8.png,1,tweet,"Fighting for the people, wife, Momala, Auntie, Sherpa, Official account is @VP.",Kamala Harris,"Image shows a variety of news headlines and trending topics. The image is likely associated with a tweet about current events and political issues. The emotional tone of the image is likely neutral or mixed, depending on the specific headlines. The image is likely associated with the tweet's content about political issues and trending topics.",0,0,0,0,,0,0,0,0,0,0,0,0,0,0,0.185,0.815,0,-0.3612
1.85256E+18,screenshot_65.png,1,reply,No you WILL NOT! The refs turn out is HISTORIC! Donald Trump will win and the future finally looks brighter,Jeff Dementi,"Image shows a person holding a sign with the words ""TOO BIG TO RIG"" in large, bold letters. The sign is held by a person in a crowd of people. The image appears to be related to political commentary, potentially about election integrity.",1,1,3,43,7h,0.7,0,0,0,0.5,0.3,0,0.8,0.2,0,0.084,0.649,0.267,0.6988
1.85256E+18,screenshot_65.png,1,tweet,Y'all trust her just like that?,skoolztm,"Image of a baby with braided hair. The image appears to be of a child, possibly a baby or toddler. The emotional traits are difficult to determine from the image alone, but it could be considered neutral or potentially heartwarming.",9,1,3,361,7h,0,0,0.3,0,0,0,0,0,0.6,0,0,0.408,0.592,0.7003
1.85256E+18,screenshot_65.png,1,tweet,"Fighting for the people, wife, Momala, Auntie, Sherriff, Official account is VP.",Kamala Harris,"Image of Kamala Harris. The image appears to be a headshot or portrait of the politician. The emotional traits are difficult to determine from the image alone, but it could be considered neutral or potentially authoritative.",0,1,1,43,1:10,0.8,0,0,0,0,0,0,0.7,0,0,0.185,0.815,0,-0.3612
1.85256E+18,screenshot_67.png,1,tweet,"What's happening
Trending in United Arab Emirates
#HappyBirthdayKamarima
#YESMEGADR0P
#hungexpo_ÿßŸÑÿπÿ±ÿ®Ÿäÿ©
NOT 1 U.S. citizen VOTED
FOR HARRIS to replace BIDEN",Kamala Harris,Image shows a serious-looking woman (likely Kamala Harris) with a stern expression. The text overlay suggests a discussion about political events and potential replacements in the US government. The overall tone is serious and potentially political.,84,1,1,0,6h,0,0,0,0,0,0,0,0,0.5,0,0,0.865,0.135,0.4215
1.85256E+18,screenshot_66.png,1,tweet,"What's happening
Trending in United Arab Emirates
#HappyBirthdayKamalaHarris
Trending in United Arab Emirates
#YESMEGADR0P
Trending in United Arab Emirates
#hungexpo_ÿßŸÑÿßŸÖÿßÿ±ÿßÿ™
Trending in United Arab Emirates
ÿßŸÑÿßŸÖÿßÿ±ÿßÿ™...",Kamala Harris,"Image shows Kamala Harris, possibly in a military-style outfit.  The text is largely about trending topics in the United Arab Emirates, with hashtags related to the event.",4,2,0,503,3h,0.7,-0.2,-0.8,-0.9,0.2,-0.1,-0.5,0.6,-0.7,-0.8,0,0.663,0.337,0.8807
1.85256E+18,screenshot_66.png,1,tweet,LET ME BE CLEAR,Neiko Tribolevich,"Image shows a graphic with the text ""LET ME BE CLEAR"" in large, bold letters. The image appears to be a meme or a social media post designed to convey a strong message.",13,1,27,138,3h,0,0.8,0,0,0,0,0,0,0,0,0,0.536,0.464,0.3818
1.85256E+18,screenshot_28.png,1,tweet,"Even the 75 million garbage, Nazi, fascist, basket of deplorables?!",Kamaka Harris,"Image shows a woman holding a sign that says ""TOO BIG TO RIG"". The sign is surrounded by stars. The image is likely intended to convey a message of political opposition or criticism.",49,11,27,661,6h,0,0.7,0.6,0,0,0,0,0,0,0,0.302,0.698,0,-0.5983
1.85256E+18,screenshot_28.png,1,tweet,"If you want a secure border, and affordable economy, an end to global wars...",Kamaka Harris,"Image shows a collage of multiple images, likely from different sources. The image is likely intended to convey a message of policy proposals or current events.",0,0,0,0,0:01 / 0:49,0.5,0,0,0,0,0,0,0.5,0,0,0,0.748,0.252,0.4019
1.85256E+18,screenshot_28.png,1,tweet,...This is what Kamala and her allies think about you.,STAR BOY TARUN,Image shows a picture of a person. The image is likely intended to convey a message of personal opinion or commentary.,2,1,1,13,2h,0,0.8,0,0,0,0,0,0,0,0,0,1,0,0
1.85256E+18,screenshot_14.png,1,tweet,"children to raise in an economy that YOU have already contributed to its down fall.
I would never in my life want you as my
Show more",Kamala Harris,"A picture of a woman, possibly Kamala Harris, with a serious expression. The image is associated with a tweet about children and the economy.",3,1,2,30,5h,0,0,0,0,0,0,0,0,0,0,0,0.951,0.049,0.0772
1.85256E+18,screenshot_14.png,1,tweet,You will not.,Moon Lambo,"A picture of a person holding a sign that says ""We're not going back!"". The image is associated with a tweet about not going back.",9,1,1,88,5h,0,0,0,0,0,0,0,0,0,0,0,1,0,0
1.85256E+18,screenshot_14.png,1,tweet,"We got Drew back. Madame Soon-to-be President. We're gonna make some history on Tuesday, and the world will see what kind of country we are. And we'll be free of Donald Trump forever.",Russell Moore,A picture of a news headline. The image is associated with a tweet about history and Donald Trump.,37,1,16,92,2h,0.5,-0.2,0,0,0.2,0,-0.1,0.7,-0.3,-0.5,0,0.907,0.093,0.5106
1.85256E+18,screenshot_12.png,1,tweet,"Apple Lamps @lamps_apple ¬∑ 8h
Mark, your Kamala g/g crashed and burned in record time. Your SEC ambitions vanished the moment your real views on women came out, dragging down the whole campaign with you. Here's hoping your next move is less of a disaster.",Apple Lamps,Image shows a man (likely Mark) in a happy pose. The emotional traits are supportive of Mark and critical of Kamala.,0,0,0,0,8h,0.2,-0.1,0,0,0,0,0,0.1,0.1,0,0.08,0.861,0.059,-0.2551
1.85256E+18,screenshot_12.png,1,reply,"I've been a foreigner, and every time I've seen what you do and say, I've never felt that you support any American hero and a true patriot of the United States. You could have, have a qualifications to be a President.",MURRAY,Image shows a person with a star and flag emoji. The emotional traits are supportive of the person in the image and critical of the person being replied to.,9,0,12,73,8h,-0.2,0.1,0,0,0.2,0.1,0,-0.1,0,0,0,0.735,0.265,0.8979
1.85256E+18,screenshot_12.png,1,tweet,"Kamala Harris @KamalaHarris
Fighting for the people, wife, Momala, Auntie, SHEPER, Official account is @VP.",Kamala Harris,,0,0,0,0,8h,0.1,0,0,0,0,0,0,0.1,0,0,0.152,0.848,0,-0.3612
1.85256E+18,screenshot_38.png,1,tweet,"BIDEN-HARRIS ACCOMPLISHMENTS

- Allowed 15M unvetted illegals into the country
- Historic inflation crisis
- Record high consumer prices in all 50 states
- Released terrorists into the country
- Ukraine-Russia War
- Israel- Hamas war
- Disastrous withdrawal from Afghanistan
- Violent crime skyrocketing
- Tried to jail American public in name of democracy
- Lied to the political rival
- Joe's decline
- Declared war on American energy
- Record low test scores for K-12 students
- Most unpopular president and VP in history",Kamala Harris,Image shows a picture of President Biden and Vice President Harris. The image is associated with a tweet highlighting accomplishments of the Biden-Harris administration. The emotional traits are neutral.,0,0,0,0,,0,0,0,0,0,0,0,0,0,0,0.362,0.605,0.032,-0.9879
1.85256E+18,screenshot_38.png,1,tweet,"What's happening

Trending in United Arab Emirates
#HappyBirthdayKamalaHarris

Trending in United Arab Emirates
#YESMEGADR0P

Trending in United Arab Emirates
#hungexp_ÿßŸÑÿπÿ±ÿ®Ÿäÿ©",Kamala Harris,Image shows a picture of President Biden and Vice President Harris. The image is associated with a tweet highlighting accomplishments of the Biden-Harris administration. The emotional traits are neutral.,0,0,0,0,,0,0,0,0,0,0,0,0,0,0,0,0.669,0.331,0.8126
1.85256E+18,screenshot_38.png,1,tweet,Gasoline ‚õΩÔ∏è Electricity ‚ö°Ô∏è Airfare ‚úàÔ∏è,Neiko Trojeviƒá,Image shows a picture of various transportation costs. The image is associated with a tweet highlighting the increasing costs of transportation. The emotional traits are negative.,0,0,0,0,,0,0,0,0,0,0,0.5,-0.5,0,0,0,1,0,0
1.85256E+18,screenshot_39.png,1,tweet,Since Kamala Took Office GROCERIES +22% AMERICA UNDER KAMALA 20.2% 3.9% RENT Since Kamala Took Office EGGS +47% CAR INSURANCE +54% Since Kamala Took Office Since Kamala Took Office K-12 FOOD +66%,Kamala Harris,"Images show various grocery items, eggs, car insurance, and K-12 food prices, with percentages indicating increases since Kamala Harris took office. The image evokes a sense of concern and potential economic hardship. The image is likely to be perceived as negative towards the current administration.",115,1,3,0,6h,0,-0.5,0,0,0,0,0.5,-0.5,0,0,0,1,0,0
1.85256E+18,screenshot_39.png,0,tweet,What's happening,Kamala Harris,,0,0,0,0,,0,0,0,0,0,0,0,0,0,0,0,1,0,0
1.85256E+18,screenshot_34.png,1,tweet,"What's happening
Trending in United Arab Emirates
#HappyBirthdayKamalaHarris
Trending in United Arab Emirates
#YESMEGADR0P
Trending in United Arab Emirates
#hungexpo_ÿßŸÑÿπÿ±ÿ®Ÿäÿ©",Kamala Harris,"Image displays a graphic with the text ""WHAT'S THE NATIONAL DEBT TODAY?"" and a large dollar amount.  Below that, the text ""That's $106,349 for every single person in America.""",0,0,0,0,,0,0,0,0,0,0,0,0,0,0,0,0.669,0.331,0.8126
1.85256E+18,screenshot_34.png,1,tweet,Yesterday I got a phone call from my 6-year representative letting me know that many insurance companies are refusing to accept the new continuation with existing Medicare plans next year because of low enrollment.  reimbursing levels from Medicare to the insurance companies - it is,Wayne Fowler,No image.,0,0,0,0,,0,0,0,0,0,0,0,0,0,0,0.103,0.841,0.056,-0.296
1.85256E+18,screenshot_34.png,1,tweet,Of course not!,TronghanDoan,No image.,0,0,0,0,,0,0,0,0,0,0,0,0,0,0,0,1,0,0
1.85256E+18,screenshot_21.png,1,tweet,"What's happening
Trending in United Arab Emirates
#HappyBirthdayKamala
Trending in United Arab Emirates
20% Trump Didn't Build Enough Wall
Trending in United Arab Emirates
#YESMEGADROP
Trending in United Arab Emirates
#hungexpo_ÿßŸÑÿπÿ±ÿ®Ÿäÿ©
Trending in United Arab Emirates
#ÿßŸÑÿßÿ≠ÿ™ŸÅÿßŸÑ_ÿ®ÿßŸÑÿπŸäÿØ",Kamala Harris,"Image shows a woman (Kamala Harris) laughing, likely in response to a trending topic or event. The image is celebratory and positive.",16,1,7,338,8h,0.7,-0.2,0,0,0.2,0,-0.5,0.8,-0.3,-0.7,0,0.696,0.304,0.9186
1.85256E+18,screenshot_21.png,1,reply,You're a president for nobody,Brian T,"Image shows a cartoon depiction of Joe Biden, with a humorous/negative tone. The image suggests a critical perspective on the president.",1,0,7,410,8h,-0.8,0.6,0.5,0,0,0,-0.1,-0.7,0.4,-0.2,0,1,0,0
1.85256E+18,screenshot_35.png,1,tweet,VOTING KAMALA HARRIS IS LIKE THROWING THE TITANIC IN REVERSE TO HIT THE ICEBERG A SECOND TIME,Lone Wolf,"A tweet with a bold, potentially negative sentiment, suggesting a disastrous outcome for Kamala Harris. The image is not present in the provided screenshot.",13,1,27,0,6h,-0.8,0.7,0.5,0.2,0,0,0.6,-0.7,0.6,0,0,0.857,0.143,0.3612
1.85256E+18,screenshot_35.png,1,tweet,"That result is still awaited, let's see",Kamala Harris,No image present in the screenshot.,0,1,1,0,39m,0,0,0,0.5,0,0,0,0,0.5,0,0.155,0.845,0,-0.0258
1.85256E+18,screenshot_35.png,1,tweet,"Will Zapinszky
Won't happen",Will Zapinszky,No image present in the screenshot.,1,0,3,0,39m,0,0,0,0,0,0,0,-0.5,0.5,0,0,1,0,0
1.85256E+18,screenshot_37.png,1,reply,My failures are Trump's fault!!,BinghamLove,An image of Kamala Harris appearing angry. The image is associated with a hostile sentiment.,1,3,7,183,1h,0,0.8,0,0,0,0,0,0,0,0,0.677,0.323,0,-0.7418
1.85256E+18,screenshot_37.png,1,original tweet,MAGA AF üá∫üá∏  Donald Trump will be the president for all Americans.,globy1311,An image of Donald Trump. The image is associated with a supportive sentiment.,1,1,1,546,2h,0.9,0,0,0,0.7,0,0,0.1,0,0,0,1,0,0
1.85256E+18,screenshot_36.png,1,tweet,"""My values have not changed.
I AM A LIAR
I Always Lie And Will Promise Anything Just To Get Elected""",Brian Saleh @briansaleh.50m,"A picture of Kamala Harris with a large sign that says ""TRUST ME"" and underneath it ""I AM A LIAR"". The image evokes a hostile sentiment, suggesting a lack of trust and potentially implying dishonesty.",1,13,36,888,50m,0,0.8,0.7,0,0,0,0,-0.7,0.8,0,0,0.629,0.371,0.8044
1.85256E+18,screenshot_26.png,1,tweet,"What's happening
Trending in United Arab Emirates
#HappyBirthdayKarimi
Trending in United Arab Emirates
#YESMEGADR0P
Trending in United Arab Emirates
#hunge_arabia
Trending in United Arab Emirates
#...",Kamala Harris,"A red sign with the words ""FRAUD ALERT"" in large, bold letters. The image appears to be a screenshot of a social media post or alert, conveying a strong sense of warning and distrust. The emotional tone is hostile and skeptical.",37,11,440,0,8h,0,0.5,0,0,0,0,0.4,0,0.7,0,0,0.663,0.337,0.8807
1.85256E+18,screenshot_33.png,1,tweet,"What's happening
Trending in United Arab Emirates
#HappyBirthdayKarimUaema
Trending in United Arab Emirates
#YESMEGADROP
Trending in United Arab Emirates
#hungexpo_ÿßŸÑÿπÿ±ÿ®Ÿäÿ©",Kamala Harris,"Image of a young girl. The image is associated with a positive sentiment, possibly related to celebration or happiness.",0,0,0,0,,0.8,-0.9,-0.7,-0.9,0,0,-0.9,0.9,-0.9,-0.9,0,0.669,0.331,0.8126
1.85256E+18,screenshot_33.png,1,tweet,At a price,Buddha Nakamoto,Image of a logo for a foundation. The image is associated with a neutral sentiment.,0,0,0,0,,0,0,0,0,0,0,0,0,0,0,0,1,0,0
1.85256E+18,screenshot_31.png,1,tweet,"What's happening
Trending in United Arab Emirates
HappyBirthdayKamala
Trending in United Arab Emirates
YESMEGADR0P
Trending in United Arab Emirates
#hungexpo_ÿßŸÑÿ•ŸÖÿßÿ±ÿßÿ™",Kamala Harris,"Image shows Kamala Harris, smiling and appearing joyful, possibly in a celebratory pose.  The image is associated with a positive sentiment.",1,0,0,62,25m,0.7,-0.8,-0.9,-0.9,0,0,-0.9,0.8,-0.9,-0.9,0,0.669,0.331,0.8126
1.85256E+18,screenshot_31.png,1,tweet,"Fighting for the people, wife, Momala, Auntie, Sherief, Official account is VP.",Kamala Harris,"Image shows Kamala Harris, smiling and appearing joyful, possibly in a celebratory pose.  The image is associated with a positive sentiment.",1,0,0,62,25m,0.7,-0.8,-0.9,-0.9,0,0,-0.9,0.8,-0.9,-0.9,0.185,0.815,0,-0.3612
1.85256E+18,screenshot_24.png,1,tweet,I doubt it.,Mindak67,"An image of a person holding a sign with the words ""TRUMP"" on it. The image appears to be celebratory, possibly in support of Trump. The image is associated with a tweet expressing doubt.",7,1,1,382,6h,0.5,-0.2,0,0,0.2,0,0,0,0.7,0,0.714,0.286,0,-0.3612
1.85256E+18,screenshot_24.png,1,tweet,"Trump, for speech, for a secure border. For keeping men out of women's sports and spaces.",Kamala Harris,"An image of a person holding a sign with the words ""TRUMP"" on it. The image appears to be celebratory, possibly in support of Trump. The image is associated with a tweet expressing doubt.",11,1,1,382,Jul 302,-0.8,0.6,0,0,0,0,0,0,0,0,0,0.854,0.146,0.34
1.85256E+18,screenshot_24.png,1,tweet,"JBA Meet me in the Middle extremes are Bad
You hate america how do you know and change the ruin the fabric of America
That is that is all",Alderolle,"An image with the words ""TRUMP"" on it. The image appears to be a political statement, possibly in opposition to Trump. The image is associated with a tweet expressing negative sentiment towards Trump.",4640,1,136,53794,6h,-0.9,0.8,0,0,-0.5,0.6,0,0,0,0,0.297,0.703,0,-0.9001
1.85256E+18,screenshot_18.png,1,tweet,"Kamala Harris's Maosits network, tied to the CCP, aims to dismantle American democracy exploiting race and immigration under the guise of New American Majority, for one-party state, to achieve this, fundamentally altering the nation's political landscape",@KamalaHarris,"Image shows a video related to the tweet's topic. The video content is not visible, but the presence of trending hashtags suggests a discussion on current events in the United Arab Emirates. The emotional tone of the image is likely neutral or informative, as it's a news-related video.",5,5,52,949,0:02:10,0,0,0,0,0,0,0,0,0,0,0.077,0.923,0,-0.4404
1.85256E+18,screenshot_18.png,1,tweet,name of of JESUS. Our country will be turned into JESUS. name. Amen,@NachoBusiness,"Image shows a person holding a sign with the words ""TOO BIG TO RIG"" written on it. The emotional tone of the image is hostile and likely related to political issues.",10,12,57,2136,0:02:10,0,0.5,0,0,0,0,0,0,0,0,0,1,0,0
1.85256E+18,screenshot_18.png,1,tweet,Trump is a loser,@franklinsbored,Image shows a picture of Donald Trump. The emotional tone of the image is hostile and likely related to political issues.,1,3,27,138,2h,-0.5,0.5,0,0,0,0,0,0,0,0,0.63,0.37,0,-0.5267
1.85256E+18,screenshot_43.png,1,tweet,Speak it into existence Madam President,xaiden,Image shows a person with a happy expression. The image is associated with a positive sentiment.,106,4,1,0,2h,0.8,-0.9,-0.7,-0.9,0,0,-0.8,0.9,-0.7,-0.9,0,1,0,0
1.85256E+18,screenshot_43.png,1,tweet,I vote for Trump!,Hades,"Image is not present, therefore no image description.",4,0,0,0,2m,0.9,-0.8,-0.9,-0.9,0.7,-0.5,-0.9,0.6,-0.8,-0.9,0,1,0,0
1.85256E+18,screenshot_43.png,1,tweet,You sure so?,Yusur,"Image is not present, therefore no image description.",14,0,0,0,35m,0,0,0,0,0,0,0,0,0,0,0,0.465,0.535,0.3182
1.85256E+18,screenshot_6.png,1,tweet,$24 BILLION tax dollars spent on the homeless crisis. A recent audit showed no blood on where the money went. The government has a lot of knives on their hands‚Ä¶ Thanks to @GavinNewsom & @KamalaHarris,Kamala Harris,"A street scene in San Francisco, showing a large group of people, some of whom appear to be homeless, and a lot of trash and debris on the ground. The image evokes feelings of crisis, poverty, and mismanagement of funds.",0,0,0,0,0:34,0,0,0,0,0,0,0,0,0,0,0.165,0.759,0.076,-0.5267
1.85256E+18,screenshot_6.png,1,tweet,"What's happening
Trending in United Arab Emirates
#HappyBirthdayKarimUaema
#YESMEGADR0P
#hungexpo_ÿßŸÑÿπÿ±ÿ®Ÿäÿ©
Trending in United Arab Emirates",Kamala Harris,No image present,0,0,0,0,,0,0,0,0,0,0,0,0,0,0,0,0.699,0.301,0.6808
1.85256E+18,screenshot_42.png,1,tweet,"What's happening
Trending in United Arab Emirates
#HappyBirthdayKamalaHarris
Trending in United Arab Emirates
#YESMEGADR0P
Trending in United Arab Emirates
#hungexpo_ÿßŸÑÿßŸÖÿßÿ±ÿßÿ™",innakogan23,"Image shows a person holding a sign that says ""I HAVE NO SOLUTION"" and ""I AM THE PROBLEM"" in large, bold letters. The image appears to be conveying a message of frustration and a sense of responsibility. The emotional tone is likely negative and critical.",1,0,3,13,1h,-0.8,0.7,0.2,0.6,0,0.9,0,-0.7,0.5,0,0,0.669,0.331,0.8126
1.85256E+18,screenshot_56.png,1,tweet,"What's happening
Trending in United Arab Emirates
#HappyBirthdayKamalaHarris
Trending in United Arab Emirates
#YESMEGADR0P
Trending in United Arab Emirates
#hungexpo_ÿßŸÑÿπÿ±ÿ®Ÿäÿ©",Kamala Harris,"Image shows Kamala Harris, likely at an event, with a backdrop of a political nature.  The image is celebratory and positive, possibly associated with a birthday or political rally.",1,0,0,78,Thu,0.8,-0.7,-0.9,-0.9,0,0,-0.9,0.9,-0.9,-0.9,0,0.669,0.331,0.8126
1.85256E+18,screenshot_40.png,1,tweet,"I lied about fighting for the people, fighting for the wife, Momala, Auntie, Sherer, Official account is V.P.",Kamala Harris,Image shows a person holding a sign with text 'TOO BIG TO RIG'. The image is associated with political themes and possibly a protest or demonstration. The emotional traits are likely hostile and skeptical towards the political figures or events.,259,3,8,0,Jul 259,0,0.5,0,0,0,0,0,0,0.5,0,0.352,0.648,0,-0.765
1.85256E+18,screenshot_40.png,1,reply,no you'll,hani10,,1,1,3,0,19-Jul,0,0,0,0,0,0,0,0,0,0,0.688,0.312,0,-0.296
1.85256E+18,screenshot_40.png,1,reply,Not going to happen. Here's your job text and I did you a favor by getting you the application ahead of time.,Kenneth Haidet,Image shows a McDonald's job application form. The image is associated with job applications and employment. The emotional traits are likely neutral or slightly positive.,5,1,1,0,19-Jul,0.2,0,0,0,0,0,0,0.2,0,0,0,0.876,0.124,0.4019
1.85256E+18,screenshot_54.png,1,reply,No. You won't. Bye. Done.,Carl Wheless @carlwheless,No image present.,0,0,0,0,27m,0,0,0,0,0,0,0,0,0,0,0.355,0.645,0,-0.296
1.85256E+18,screenshot_54.png,1,reply,You were the worst VP in polling history!,Rick @lagona10f1,No image present.,18,0,0,0,1h,0,-0.5,0,0,0,0,0,0,0,0,0.386,0.614,0,-0.6588
1.85256E+18,screenshot_54.png,1,reply,The Democrat Party has a new logo and name!,Joey Mannarino @JoeyMannarinoUS,No image present.,0,0,0,0,9h,0,0,0,0,0,0,0,0,0,0,0,0.701,0.299,0.4574
1.85256E+18,screenshot_54.png,1,reply,"Fighting for the people, wife, Momala, Auntie, Sherer, Official account is VP.",Kamala Harris @KamalaHarris,No image present.,0,0,0,0,27m,0.5,0,0,0,0,0,0,0.5,0,0,0.185,0.815,0,-0.3612
1.85256E+18,screenshot_68.png,1,tweet,"Kamala Harris
Fighting for the people, wife, Momala, Auntie, Sherer, Official account is VP.",@KamalaHarris,"Image shows a picture of Kamala Harris. The text on the image is ""AMALA'S PROJECT 2025"". The overall sentiment is supportive of Kamala Harris.",107,1,3,0,1h,0.8,-0.7,-0.9,-0.8,0,0,-0.5,0.7,-0.6,-0.9,0.161,0.839,0,-0.3612
1.85256E+18,screenshot_68.png,1,tweet,"Claudia MEGA MAGA
California Republican (D)
Hello Dear",@ClaudiaWaldsch,"Image shows a picture of Claudia. The text on the image is ""MEGA MAGA"". The overall sentiment is supportive of Claudia.",1,0,0,0,1h,0.9,-0.6,-0.8,-0.7,0.7,0.6,-0.4,0.8,-0.5,-0.7,0,0.729,0.271,0.3818
1.85256E+18,screenshot_68.png,1,tweet,I'm sure as hell not voting for you,@ClaudiaWaldsch,No image present,1,0,0,0,1h,-0.8,0.7,-0.6,-0.5,0,0,-0.3,-0.7,0.4,-0.6,0.357,0.465,0.178,-0.5106
1.8503E+18,screenshot_22.png,1,tweet,"HARRIS PLAN
TO MAKE RENT AND HOME OWNERSHIP AFFORDABLE
‚Ä¢ BUILD NEW RENTAL AFFORDABLE UNITS AND HOMES
‚Ä¢ PENALIZE FIRMS THAT BOARD UP AVAILABLE HOMES AND DRIVE PRICES UP
‚Ä¢ UP TO $58K IN DOWN PAYMENT HELP FOR FIRST-TIME HOME BUYERS
‚Ä¢ PRICE FIXING BY CORPORATE OUTLAW FORMS OF LANDLORDS
‚Ä¢ CUT RED TAPE TO BUILD MORE HOUSING FASTER",Kamala Harris,"Image shows a detailed plan, likely a policy proposal, with bullet points outlining various initiatives. The image appears informative and focused on providing solutions for affordable housing. No strong emotional traits are immediately apparent.",29,62,109,2500,27-Oct,0.7,-0.2,-0.8,-0.9,0,0,-0.5,0.8,-0.6,-0.7,0.037,0.915,0.048,0.1531
1.8503E+18,screenshot_32.png,1,tweet,"‚ÄúIs anyone really surprised that Donald Trump is trying to force himself on America after‚Ä¶‚Äù,",Kamala Harris,"Image shows a quote attributed to Karl Marx, with the text ""OF WHAT YOU ARE DOING AS YOU ARE DOING IT TO CREATE CONFUSION"". The image appears to be used to criticize or condemn the actions of someone. The emotional tone is hostile and critical.",66,1,13,534,1-Nov,0,0.7,0,0,0,0,0,0,0,0,0,0.865,0.135,0.2944
1.8503E+18,screenshot_32.png,1,tweet,Not one fucking bit.,Po-USA,No image present.,15,0,0,0,1-Nov,0,0.9,0,0,0,0,0,0,0,0,0,1,0,0
1.8503E+18,screenshot_33.png,1,tweet,"Kamala Harris Gropped Me
32 Years Ago!",@KamalaHarris,"Image of a meme depicting a black man with the text ""Kamala Harris Gropped Me"" and ""32 Years Ago!"" superimposed. The image appears to be a meme used to criticize or mock Kamala Harris.",16,2,6,285,27-Oct,0,0.8,0.7,0,0,0,0,0,0,0,0,1,0,0
1.8503E+18,screenshot_33.png,1,reply,"Very insignificant
Your to-do list:
1. ABORT AMERICANS
2. IMPORT FOREIGNERS
No thanks.",@VeryInsg_Person,No image present,1,0,3,595,27-Oct,-0.9,0.9,0.6,0,-0.5,0.7,0,0,0,0,0.275,0.562,0.163,-0.2484
1.8503E+18,screenshot_31.png,1,tweet,"This explains what the Democrats are doing.
DEMOCRATS IN A NUTSHELL",Wayne Dunlap @wdunlap,Image shows a picture of a person in a communist-style outfit. The image is likely intended to evoke negative connotations associated with communism and the political left. The image is likely to be interpreted as hostile and anti-democratic.,4,5,2,385,27-Oct,0,0.6,0,0,0,0.4,0.2,-0.5,0.3,0,0,1,0,0
1.8503E+18,screenshot_25.png,1,tweet,"Kamala Harris's to-do list
What's happening
Trending in United Arab Emirates
#HappyBirthdayKamalaHarris
Trending in United Arab Emirates
#HappyBirthdayKamalaHarris
Trending in United Arab Emirates
Trending in United Arab Emirates",Sara Rose,"Image shows a woman, likely Kamala Harris, with a list of checkmarks next to items. The image evokes a sense of accomplishment and efficiency, possibly suggesting a positive sentiment.",44,1,85,829,27-Oct,0.6,-0.8,-0.9,-0.7,0,0,-0.9,0.7,-0.8,-0.9,0,0.682,0.318,0.8807
1.8503E+18,screenshot_24.png,1,tweet,"Get drunk
Call Trump Hitler
Suck d*k
Cackle like a retard",Kamala Harris,"Image shows a list titled 'Kamala Harris ToDo list' with items like 'Get drunk', 'Call Trump Hitler', 'Suck d*k', and 'Cackle like a retard'. The image evokes a sense of negativity and hostility.",450,43,15,0,27-Oct,0,0.8,0.7,0,0,0,0,-0.8,0,0,0.506,0.349,0.145,-0.7351
1.8503E+18,screenshot_57.png,1,tweet,"What's happening
Trending in United Arab Emirates
#HappyBirthdayKamalaHarris
Trending in United Arab Emirates
#TrendingInUnitedArabEmirates
Trending in United Arab Emirates
Trending in United Arab Emirates
206 DEMOCRATS
 VOTED TO ALLOW NONCITIZENS TO VOTE IN U.S. ELECTIONS",Kamala Harris,"Image shows a celebratory design, likely for a birthday or event, with the text '206 DEMOCRATS VOTED TO ALLOW NONCITIZENS TO VOTE IN U.S. ELECTIONS' prominently displayed. The image evokes a sense of political discourse, potentially highlighting a controversial or significant event.",10,1,0,0,3h,0,0,0,0,0,0,0,0,0,0,0,0.684,0.316,0.9158
1.8503E+18,screenshot_57.png,1,tweet,"206 DEMOCRATS
 VOTED TO ALLOW NONCITIZENS TO VOTE IN U.S. ELECTIONS",Neiko Trbojeviƒá,"Image appears to be a graphic or image related to the tweet's content, likely emphasizing the political nature of the statement. The image's emotional tone is difficult to determine without further context.",1,0,0,0,3h,0,0,0,0,0,0,0,0,0,0,0,0.792,0.208,0.3885
1.8503E+18,screenshot_43.png,1,tweet,"Sorry, but we're getting an EFFICIENT government.",The Kosher Red Pill,"Image shows a picture of a building that appears to be a government building, with a man in a suit. The image is associated with a positive sentiment, suggesting efficiency and good governance.",1,3,1,255,27-Oct,0.7,-0.2,-0.8,-0.9,0.1,-0.3,-0.6,0.8,-0.5,-0.7,0.105,0.457,0.438,0.6858
1.8503E+18,screenshot_42.png,1,tweet,"What's happening
Trending in United Arab Emirates
#HappyBirthdayKarimIsmaae
Trending in United Arab Emirates",Kamala Harris,A picture of Kamala Harris writing something. The image is associated with a tweet about current events and trending topics in the United Arab Emirates.,5,2,17,111,1d 11k,0,0,0,0,0,0,0,0,0,0,0,0.663,0.337,0.6808
1.8503E+18,screenshot_42.png,1,tweet,"I sure hope you stocked up on Depends
You're gonna be pissing your pants on November 6, 2024",An American,"An image of a baseball cap with the text ""MAKE GROCERIES AFFORDABLE AGAIN"" on it. The image is associated with a tweet about current political events and the upcoming election.",13,3,27,138,8h,0,0,0,0,0,0,0,0,0,0,0.123,0.639,0.237,0.3612
1.8503E+18,screenshot_56.png,1,tweet,"What's happening
Trending in United Arab Emirates
#HappyBirthdayKamalaHarris
Trending in United Arab Emirates
Trending in United Arab Emirates",Kamala Harris,"A man in a video, smiling and holding a sign that says ""I HAVE FOUND"".",6,1,0,108,1:08,0.5,0,0,0,0,0,0,0.5,0,0,0,0.641,0.359,0.8126
1.8503E+18,screenshot_56.png,1,reply,HARRIS / WALZ - 2024.,Judy,"A woman, Kamala Harris, in a black blazer.",1,0,0,203,1-Nov,0.7,0,0,0,0,0,0,0.6,0,0,0,1,0,0
1.8503E+18,screenshot_40.png,1,tweet,"RESOLUTION
Expressing the sense of the House of Representatives that Vice President Kamala Harris should be removed from her position as the head of the administration's strategy to address root causes of migration.
Whereas, on March 24, 2021, Vice President Kamala Harris was named Border Czar in charge of leading efforts to address migration issues in the United States border.
View Vice President Harris has visited the southern border of one area since President Biden appointed her to lead of...",@KamalaHarris,"A formal document, likely a resolution, is visible in the image. The image evokes a sense of official government proceedings. No strong emotional traits are immediately apparent from the image alone.",61,0,0,946,27-Oct,0,0,0,0,0,0,0,0,0,0,0,0.966,0.034,0.4215
1.8503E+18,screenshot_40.png,1,reply,"Marilyn Miller ‚Äì #LiberalsEquitySquady @tinadvocacy.  Trump, FTW!",@franklinsbored,A picture of Donald Trump is present. The image evokes a sense of political affiliation and support for Trump. The image is likely to be associated with a positive sentiment towards Trump.,13,0,27,0,2h,0.8,-0.2,0,0,0.5,0.4,0,0.2,-0.1,0,0,0.554,0.446,0.6155
1.8503E+18,screenshot_68.png,1,tweet,"Kamala Harris
Fighting for the people, wife, Momala, Auntie, Sherer, Official account is VP.",Kamala Harris,"A picture of Kamala Harris, likely a professional headshot or official portrait. No significant emotional traits are discernible from the image alone.",10,1,3,796,27-Oct,0.7,-0.1,-0.8,-0.9,0,0,-0.2,0.6,-0.5,-0.7,0.161,0.839,0,-0.3612
1.8503E+18,screenshot_68.png,1,tweet,"Taylor Morgan @taylormorgan
- Kamala's To-Do List
- Jail opponents
- Censor free speech
- Let millions of illegal immigrants in
- Tax payer money on vote buying, foreign wars, and illegal spend
- Hard questions
- Dodge hard questions
- Let criminals roam free whatever they want",Taylor Morgan,"A profile picture of Taylor Morgan, likely a personal or professional image. No significant emotional traits are discernible from the image alone.",10,1,3,0,27-Oct,-0.8,0.6,-0.2,0.5,-0.3,0.7,0.4,-0.9,0.6,-0.1,0.349,0.515,0.136,-0.9081
1.8503E+18,screenshot_45.png,1,tweet,"What's happening
Trending in United Arab Emirates
#HappyBirthdayKarima
Trending in United Arab Emirates",Kamala Harris,Image shows a picture of Kamala Harris. The image is associated with a tweet about current events and trending topics in the United Arab Emirates.,47,2,1,969,27-Oct,0,0,0,0,0,0,0,0,0,0,0,0.663,0.337,0.6808
1.8503E+18,screenshot_45.png,1,reply,Can't wait for these guys to take over and clear you communist's clock!,Nia,Image shows Donald Trump and other people. The image is associated with a reply to a tweet about current political events. The image is likely to evoke a sense of political opposition or disagreement.,13,0,3,0,27-Oct,0,0.5,0,0,0,0.5,0,-0.5,0,0,0,0.806,0.194,0.4389
1.8503E+18,screenshot_51.png,1,tweet,You gotta stop giving more reasons to vote for Trump. The thought of you in the Oval Office is literally giving me nightmares.,HosslerPatriot260,"Image shows a graphic with various price increases for gas, electricity, airfare, groceries, and rent. The image is associated with a negative sentiment towards the current political situation.",14000,3,6,0,27-Oct,-0.8,0.7,0,0,0,0,0.9,-0.9,0,0,0.081,0.741,0.178,0.3818
1.8503E+18,screenshot_51.png,1,tweet,"This is what you've done for 4 years ‚è≥

Since Kamala Took Office
GASOLINE +51%
ELECTRICITY +32%
AIRFARE +23%

AMERICA UNDER
KAMALA
20.2%

GROCERIES +22%
RENT +22%",lorn,"Image shows a graphic with various price increases for gas, electricity, airfare, groceries, and rent. The image is associated with a negative sentiment towards the current political situation.",92,1,1,0,27-Oct,-0.9,0.8,0,0,0,0,0.8,-0.9,0,0,0,1,0,0
1.8503E+18,screenshot_51.png,1,tweet,"Fighting for the people, wife, Momala, Auntie, Sherpa, Official account is VP.",Kamala Harris,,775,6,13,0,0:48,0.7,-0.8,0,0,0,0,0,0.8,0,0,0.185,0.815,0,-0.3612
1.8503E+18,screenshot_50.png,1,reply,"Joe Fletcher @PastorForBiden ‚Ä¢ Oct 27 Yeah, we have already seen the Biden/Harris administration in the oval office. Time to say bye bye. They are booing you at your own rallies!",Joe Fletcher,Image shows a group of people in an oval office setting. The image is neutral in terms of emotional traits.,9,1,3,106,27-Oct,0,0.3,0,0,0,0.2,0,-0.1,0,0,0,0.921,0.079,0.3595
1.8503E+18,screenshot_50.png,1,tweet,"Kamala Harris @KamalaHarris Fighting for the people. Wife, Momala, Auntie, Sherpa. Official account is VP.",Kamala Harris,No image present,6,1,9,20,27-Oct,0.7,0,0,0,0,0,0,0.6,0,0,0.152,0.848,0,-0.3612
1.8503E+18,screenshot_50.png,1,tweet,Oscar N. @oee2025 ‚Ä¢ Oct 27 You can't get a crowd without celebrities üòÇ,Oscar N.,"Image shows a group of people, including children, in a setting that appears to be a public event. The image is neutral in terms of emotional traits.",1,1,9,106,27-Oct,0,0,0.2,0,0,0,0,0.1,0,0,0,1,0,0
1.8503E+18,screenshot_44.png,1,reply,thing where you framed up that you could get and punish the trump supporters for supporting him. And then you have people like a 21-year retired Iraq veteran thrown in jail in January '66 so you me,Kamala Harris,"Images of people, possibly political figures or historical figures, with a focus on the text ""What's happening"" and trending hashtags related to United Arab Emirates.",6,1,33,973,II 0:23,0,0,0,0,0,0,0,0,0,0,0.078,0.732,0.19,0.5994
1.8503E+18,screenshot_44.png,1,reply,Do tell,American357,No image present,1,0,3,136,27-Oct,0,0,0,0,0,0,0,0,0,0,0,1,0,0
1.8503E+18,screenshot_52.png,1,tweet,"Just imagine, you feel bad in national polls today, imagine trump winning the popular vote
""Help me, Dominion. You're my only hope""",Dennis M @kmsinned,"Image of Kamala Harris, depicted as a character from Star Wars, leaning over a broken printer, with the text ""Help me, Dominion. You're my only hope"" overlaid. The image evokes a sense of desperation and helplessness, potentially aimed at criticizing or satirizing Trump's claims about election fraud. The image has a humorous and somewhat sarcastic tone.",20,4,1,170,Oct 27T,0,0.5,0.7,0,0,0,0.4,-0.8,0.6,0,0.108,0.526,0.365,0.8074
1.8503E+18,screenshot_46.png,1,tweet,"What's happening
#TrendingInUnitedArabEmirates
#HappyBirthdayKarimLema",Kamala Harris,"Image shows a man and a woman. The man is light-skinned, and the woman is also light-skinned. They appear to be in a professional setting. The image is likely a screenshot of a news article or social media post. The image is neutral in emotional tone.",25,2,0,259,Jul 259,0,0,0,0,0,0,0,0,0,0,0,1,0,0
1.8503E+18,screenshot_46.png,1,tweet,You won't be in the oval office,The Constitutional Conservative,Image shows a trash can with a picture of Kamala Harris on it. The image is hostile and negative towards Kamala Harris.,1,2,0,0,27-Oct,-0.8,0.8,0,0,0,0,0,-0.8,0,0,0,1,0,0
1.8503E+18,screenshot_47.png,1,tweet,STOP MY NIGHT @Naughty448 Oct 27 Cannot imagine another 4 years of your incompetence.,Kamala Harris,"Image shows a stormy sky with lightning. The text suggests a sense of urgency and concern, possibly related to political issues or a critique of leadership.",40,2,54,263,27-Oct,0,0.5,0,0,0,0,0.2,-0.5,0.3,0,0.362,0.638,0,-0.7378
1.8503E+18,screenshot_47.png,1,tweet,"My finances are not better
My grocery rates aren't better
My interest bill is not better
My insurance costs is not better
My fuel cost is not better
My energy costs are not better
My peace of mind is not better
My concern with foreign nations is not better
My health insurance is not better
My cost of anything that is necessary is not better than 3.5 years ago.
I personally can't keep going the way we are going.",Kamala Harris,,0,0,0,0,27-Oct,-0.8,0,0,0,0,0,0,-1,0,0,0.324,0.676,0,-0.9781
1.8503E+18,screenshot_47.png,1,tweet,Sun love peace,Sunlovepax,,2,1,54,583,27-Oct,0.7,-0.8,0,0,0,0,-0.8,0.9,0,0,0,0.115,0.885,0.8271
1.8503E+18,screenshot_53.png,1,tweet,"If this Commie Kamala ever gets the power to her own being, President - this is what she will do. Listen in her words. She did this with just the little power she had in CA",@BlueBobble_,"A man wearing sunglasses, possibly African American, is pictured. The image is neutral in emotional tone.",2,13,37,97,27-Oct,0,0,0,0,0,0,0,0,0,0,0,1,0,0
1.8503E+18,screenshot_53.png,1,tweet,"The vast majority of American men have no issue with electing a female president, our issue solely lies with you. Your reputation precedes you, defined by a relentless pursuit of power, from your tenure as California...",@MAHAAlliance,A man wearing glasses is pictured. The image is neutral in emotional tone.,13,1,2,13,26-Oct,0,0,0,0,0,0,0,0,0,0,0.134,0.833,0.032,-0.5859
1.8503E+18,screenshot_53.png,1,tweet,"Fighting for the people, wife, Momala, Auntie, Sherper. Official account is @VP.",@KamalaHarris,,2,13,97,587,Jul 12K,0,0,0,0,0,0,0,0,0,0,0.185,0.815,0,-0.3612
1.85256E+18,screenshot_61.png,1,tweet,"I'm Voting for the OUTLAW
* #HappyBirthdayKarimUsama
* #YESMEGADROP
* Trending in United Arab Emirates
* Diddy
* Trending in United Arab Emirates
455k posts
* Trending in United Arab Emirates
[Arabic text]
* Trending in United Arab Emirates
[Arabic text]",KamataHaris,"Image shows a t-shirt with the text ""I'M VOTING FOR THE OUTLAW"" and ""AND THE HILLBILLY"" with an image of a man wearing a cowboy hat. The image appears to be related to a political campaign or statement. The emotional traits are likely supportive of a particular candidate or ideology, potentially with some degree of hostility towards opposing views.",495,0,0,0,8h,0.7,0.2,0.1,0,0.3,0.4,0,0.5,0.1,0,0,0.728,0.272,0.8807
1.85256E+18,screenshot_61.png,1,tweet,"Vote for frump.
You allowed millions of illegals into America and taxpayers are paying for everything",Vikas Yadav,"Image shows a picture of Donald Trump. The image appears to be related to a political statement or opinion. The emotional traits are likely hostile towards the subject of the tweet, potentially with some degree of nationalist sentiment.",13,1,27,0,8h,-0.8,0.8,0.1,0,0.2,0,0,-0.7,0.2,0,0,1,0,0
1.85256E+18,screenshot_58.png,1,reply,And this is exactly why you are losing... BECAUSE YOU CAN'T TELL THE TRUTH ABOUT ANYTHING... YOU'VE DONE THROUGH YOUR INSTALLED CANDIDACY.,Sara Robinson,"A man in a suit is standing in front of a refrigerator. The image is likely intended to be humorous or critical, possibly suggesting a lack of transparency or truthfulness. The image is not overly emotional.",5,1,1,123,2h,0,0.3,0.2,0,0,0.1,0,0,0.4,0,0.107,0.893,0,-0.3621
1.85256E+18,screenshot_58.png,1,tweet,He nailed Halloween this year! #Halloween...,‡§§‡•ã‡§π‡§æ‡§® ‡§¨‡§æ‡§™,"A man in a suit is standing in front of a refrigerator. The image is likely intended to be humorous or celebratory, possibly suggesting a successful Halloween celebration. The image is not overly emotional.",1,0,3,123,8h,0.5,0,0,0,0,0,0,0.6,0,0,0,1,0,0
1.85256E+18,screenshot_58.png,1,tweet,"Fighting for the people, Wife, Momala, Auntie. She/her official account is @VP.",Kamala Harris,,0,0,0,0,0:03 / 1:17,0.8,0,0,0,0,0,0,0.2,0,0,0.185,0.815,0,-0.3612
1.85256E+18,screenshot_64.png,1,tweet,"What's happening
Trending in United Arab Emirates
#HappyBirthdayKarimUsama
Trending in United Arab Emirates
#YESMEGADR0P
Trending in United Arab Emirates
Diddy
455K posts
Trending in United Arab Emirates
ÿßŸÑÿßÿ≠ÿ™ŸÅÿßŸÑ ÿ®ÿßŸÑÿπŸäÿØ
Trending in United Arab Emirates
ÿπŸäÿØ ŸÖŸäŸÑÿßÿØ ÿ≥ÿπŸäÿØ",KamalaHarris,"A GIF of Kamala Harris, seemingly in a playful or celebratory mood. The GIF shows her performing a lighthearted action, possibly a playful gesture. The overall tone is positive and celebratory.",0,0,0,0,12-Jul,0.7,-0.8,-0.9,-0.9,0,0,-0.9,0.8,-0.9,-0.9,0,0.696,0.304,0.9186
1.85256E+18,screenshot_64.png,1,reply,"If so, America FIRST. #N0000000 you last a liar. üòÇüòÇüòÇüòÇüòÇüòÇ",AmericaLastAddm,Emojis indicating a positive sentiment. The emojis are used to express agreement or support for the statement.,5,0,0,0,12-Jul,0.9,-0.7,-0.8,-0.9,0.6,0,-0.9,0.8,-0.9,-0.9,0.292,0.708,0,-0.5106
1.85256E+18,screenshot_64.png,1,reply,Let's make America great again,Moneyminds_KE,"A flag image, suggesting a nationalist sentiment. The image is associated with a political message, and the tone is likely supportive of a particular political ideology.",5,0,0,0,8-Jul,0.8,-0.7,-0.9,-0.9,0.9,0,-0.9,0.7,-0.9,-0.9,0,0.494,0.506,0.6249
1.85256E+18,screenshot_8.png,1,tweet,Happy #Diwali!  ‡§Ü‡§™‡§ï‡•á ‡§î‡§∞ ‡§Ü‡§™‡§ï‡•á ‡§™‡§∞‡§ø‡§µ‡§æ‡§∞ ‡§ï‡•ã ‡§¶‡•Ä‡§™‡§æ‡§µ‡§≤‡•Ä ‡§ï‡•Ä ‡§∂‡•Å‡§≠‡§ï‡§æ‡§Æ‡§®‡§æ‡§è‡§Å‡•§,Shyam Bishnoi,"Image shows colorful diyas (oil lamps) arranged in a festive manner, suggesting a celebration. The text in Hindi translates to 'Happy Diwali to you and your family.'",1,0,0,111,8h,0.9,-1,-1,-1,-0.5,-0.2,-1,0.8,-1,-0.9,0,0.693,0.307,0.6114
1.85256E+18,screenshot_8.png,1,tweet,"What's happening
Trending in United Arab Emirates
#HappyBirthdayKarisma
#YESMEGADROP
#Diddy",KamalaHarris,"Image shows a variety of trending topics related to the United Arab Emirates, including a birthday celebration and music-related trends.",1,0,0,125,il 125,0,0,0,0,0,0,0,0,0,0,0,0.763,0.237,0.4215
1.85256E+18,screenshot_59.png,1,tweet,"Even if American media are restricted, they cannot censor the overseas internet, so there are many troubling articles about Harri. In the other words, Harri is a woman who rose to the position of Vice President by providing ""bedroom services"" to those in power. Are the following...",Ilora_R,"A video is attached to the tweet. The description of the video is not available in the image. The video is likely about a political topic, possibly related to the text of the tweet.",0,0,0,0,11 hrs,0,0,0,0,0,0,0,0,0,0,0.118,0.834,0.048,-0.5603
1.85256E+18,screenshot_59.png,1,tweet,"What's happening
Trending in United Arab Emirates
#HappyBirthdayKarisma
#VESMEGADROP
Trending in United Arab Emirates
Diddy
455k posts
Trending in United Arab Emirates",KamalaHarris,"A video is attached to the tweet. The description of the video is not available in the image. The video is likely about a political topic, possibly related to the text of the tweet.",0,0,0,0,11 hrs,0,0,0,0,0,0,0,0,0,0,0,0.693,0.307,0.8126
1.85256E+18,screenshot_59.png,1,tweet,With TRUMP.,fluerComet,"An image of a person is attached to the tweet. The image shows a person holding a sign that says ""TOO BIG TO RIG"". The image is likely related to a political topic, possibly related to the text of the tweet.",0,0,0,0,7th,0,0,0,0,0,0,0,0,0,0,0,1,0,0
1.85256E+18,screenshot_29.png,1,reply,This is not true. Stop lying!,Shake,"Image shows a group of people, including Donald Trump, Elon Musk, and other figures, in a setting that appears to be a political or social commentary. The image is likely intended to evoke a sense of political division and controversy.",7,1,0,381,8h,0,0,0,0,0,0,0,0,0,0,0.227,0.292,0.482,0.3867
1.85256E+18,screenshot_29.png,1,tweet,"What's happening
Trending in United Arab Emirates
#HappyBirthdayKarisma
#YESMEGADROP
Trending in United Arab Emirates
Diddy
455k posts
Trending in United Arab Emirates
[Arabic text]
Trending in United Arab Emirates
[Arabic text]",KamalaHarris,"Image shows a collage of various images, including Donald Trump, Elon Musk, and other figures. The image is likely intended to evoke a sense of political or social commentary, possibly highlighting various trending topics or events.",6,1,0,190,8h,0,0,0,0,0,0,0,0,0,0,0,0.707,0.293,0.8807
1.85256E+18,screenshot_14.png,1,tweet,"IN CASE YOU MISSED IT
NOT 1 U.S. CITIZEN VOTED FOR HARRIS TO REPLACE BIDEN",KamalaHarris,Image shows a woman (Kamala Harris) with an angry expression. The text overlay suggests a claim about voter turnout.,2,1,1,48,11/2/2024 7:47,0,0.5,0,0,0,0,0,0,0,0,0.145,0.855,0,-0.296
1.85256E+18,screenshot_14.png,1,tweet,"What's happening
Trending in United Arab Emirates
#HappyBirthdayKarimUsama
#YESMEGADR0P
Trending in United Arab Emirates
Diddy
455k posts
Trending in United Arab Emirates",KamalaHarris,No image present,0,0,0,0,,0,0,0,0,0,0,0,0,0,0,0,0.693,0.307,0.8126
1.85256E+18,screenshot_14.png,1,tweet,Is this man fit to be president?,Omprakash Kaswan,Image shows a man (likely a political figure). The image description is not clear from the given information.,1,3,1,13,11/2/2024 7:47,0,0,0,0,0,0,0,0,0.5,0,0,0.706,0.294,0.3612
1.85256E+18,screenshot_13.png,1,tweet,"MY VALUES HAVE NOT CHANGED...

Abolishing ICE
Opening the border
Defunding police
Releasing violent offenders
Eliminating middle-class tax cuts
Ending fossil fuel usage
Banning fracking
Confiscating guns from legal gun owners
Taking away the healthcare plans of hundreds of millions of Americans",KamalaHarris,"A picture of Kamala Harris with a text overlay stating her values haven't changed. The text lists policy positions, which could be perceived as progressive or liberal.",458,45,13,0,8h,0,0,0,0,0,0,0,0,0,0,0.212,0.693,0.095,-0.7242
1.85256E+18,screenshot_13.png,1,tweet,"Fighting for the people, wife, Momala. Auntie. Sheyher official account is VP's.",KamalaHarris,A picture of Kamala Harris.,10,2,1,0,22-Jul,0,0,0,0,0,0,0,0,0,0,0.185,0.815,0,-0.3612
1.85256E+18,screenshot_13.png,1,tweet,Great Kamala Harris,Abhishek_Mahiva,A picture of Kamala Harris.,1,3,27,0,22-Jul,0.7,-0.5,0,0,0,0,0,0.8,-0.2,-0.8,0,0.328,0.672,0.6249
1.85256E+18,screenshot_12.png,1,reply,"What's happening
Trending in United Arab Emirates
#HappyBirthdayKarisma
#YESMEGADROP",KamalHarris,"Image shows a picture of Donald Trump, with the word ""BIG"" in large, bold, red letters on a black background. The image appears to be a screenshot or a still image from a video. The emotional traits associated with the image are likely hostile and negative, possibly intended to criticize or mock Trump.",1,0,0,109,17-Jul,0,0.5,0.3,0,0,0,0,0,0,0,0,0.741,0.259,0.4215
1.85256E+18,screenshot_38.png,1,reply,"No he didn't, and he's not touching the SS or the age. He's also going to do no tax on SS for seniors",Christy DeJonker,"Image shows a picture of a person, possibly a politician, with a serious expression. No strong emotional traits are immediately apparent from the image alone.",3,2,0,111,6h,0,0,0,0,0,0,0,0,0,0,0.173,0.827,0,-0.5267
1.85256E+18,screenshot_38.png,1,tweet,It's always the Pantsuits.,Nat,Image shows a picture of Hillary Clinton. The image evokes a sense of political opposition or criticism. The emotional tone is negative.,3,1,27,136,8h,-0.5,0.5,0,0,0,0,0,-0.5,0,0,0,1,0,0
1.85256E+18,screenshot_38.png,1,tweet,"Fighting for the people, Wife, Momala, Auntie. She/her Official account is VP.",Kamala Harris,,15,2,55,206,8h,0.7,-0.2,0,0,0,0,0,0.8,0,0,0.185,0.815,0,-0.3612
1.85256E+18,screenshot_11.png,1,tweet,unite our country by bringing it to new and record levels of success.,KamalaHarris,Image shows a picture of Kamala Harris and Joe Biden. The image is positive and supportive of the Biden-Harris administration.,0,1,1,0,29-Jul,0.8,-0.8,-0.9,-0.9,0.7,-0.6,-0.9,0.9,-0.8,-0.9,0,0.764,0.236,0.5719
1.85256E+18,screenshot_11.png,1,tweet,"TusfiAsghar  ‚úÖ @TusfiAsghar ‚Ä¢ 2h
But sometimes you have to look to the country interest",TusfiAsghar,No image present.,0,1,1,0,29-Jul,0.5,-0.5,-0.7,-0.6,0.6,-0.4,-0.7,0.6,-0.6,-0.7,0,0.75,0.25,0.6124
1.85256E+18,screenshot_11.png,1,tweet,"BIDEN-HARRIS ACCOMPLISHMENTS
- Allowed 15M unvetted illegals into the country
- Historic inflation crisis
- Record high gas prices in all 50 states
- Released terrorists debt
- Ukraine-Hamas War
- Disastrous withdrawal from Afghanistan
- Violent crime skyrocketing
- Lied to jail political rival in name of democracy
- Declared war on the American public about Joe's decline energy",Neiko Trbojevic,Image shows a picture of Joe Biden and Kamala Harris. The image is negative and critical of the Biden-Harris administration.,0,0,0,0,5h,-0.9,0.9,-0.6,0.7,-0.8,0.7,0.8,-0.9,0.7,-0.6,0.429,0.529,0.042,-0.9851
1.85256E+18,screenshot_39.png,1,reply,Literally just change your name to Lies Harris. I have never heard one factual thing come out of your mouth ever. Literally all you say is Trump and I'm in black.,Jacksüá∫üá∏,"Image shows a speed limit sign with the number 45 and the words ""RE-ELECT"" on it.  The image is likely intended to be provocative and potentially sarcastic, implying that the person in the tweet is not taking the election seriously.",3,0,0,139,7h,0,0.5,0.7,0,0,0,0,0,0,0,0.088,0.912,0,-0.4215
1.85256E+18,screenshot_39.png,1,tweet,"Fighting for the people, Wife, Momala, Auntie. She/Her official account is @VP.",KamalaHarris,No image,0,0,0,0,7h,0.8,0,0,0,0,0,0,0.2,0,0,0.185,0.815,0,-0.3612
1.85256E+18,screenshot_39.png,1,tweet,"What's happening
Trending in United Arab Emirates
#HappyBirthdayKarisma
#YESMEGADROP
Diddy
Trending in United Arab Emirates
455k posts
Trending in United Arab Emirates
[Arabic text]",Alex Roberts,"Image shows a road crew sign with the words ""WHEN THE ROAD CREWS KEEP TAKING YOUR TRUMP SIGNS DOWN!"" on it. The image is likely intended to be provocative and potentially supportive of Trump.",3,0,0,131,8h,0.6,0,0,0,0.5,0,0,0,0,0,0,0.714,0.286,0.8126
1.85256E+18,screenshot_34.png,1,tweet,"Right is Still Right üá∫üá∏ @fedupMolly17  8h
Fighting for the people, Wife, Momala, Auntie. She/Her official account is VP.",KamalaHarris,Image shows a woman (Kamala Harris) laughing. The emotional tone is positive and celebratory.,0,0,0,0,8h,0.8,-0.9,-0.7,-0.9,0.7,-0.2,-0.9,0.9,-0.8,-0.9,0.122,0.878,0,-0.3612
1.85256E+18,screenshot_34.png,1,tweet,"What's happening
Trending in United Arab Emirates
#HappyBirthdayKarisma
#YESMEGADR0P
Diddy
455k posts
Trending in United Arab Emirates",KamalaHarris,Image shows a woman (Kamala Harris) laughing. The emotional tone is positive and celebratory.,0,0,0,0,8h,0.5,-0.9,-0.7,-0.9,0.2,-0.2,-0.9,0.8,-0.8,-0.9,0,0.728,0.272,0.6808
1.85256E+18,screenshot_34.png,1,tweet,Kamala supporters thinking they're smart.,CorbinWilliams,Image shows a few sad/angry faces. The emotional tone is negative and critical.,3,13,27,187,8h,-0.7,0.6,0.5,0.7,0,0,0,-0.8,0.6,0,0,0.349,0.651,0.6808
1.85256E+18,screenshot_35.png,1,tweet,"What's happening
Trending in United Arab Emirates
#HappyBirthdayKarimUsama
#YESMEGADROP
Trending in United Arab Emirates
Diddy
455k posts
Trending in United Arab Emirates",KamtaHaris,No image present,0,0,0,0,11/11/2023,0,0,0,0,0,0,0,0,0,0,0,0.693,0.307,0.8126
1.85256E+18,screenshot_35.png,1,reply,"You raided the social security funds for illegal
Trump is not stopping from taxing illegal and stealing on our social security
Let's go to that we have you now (it)
Medicare funds dry it
When costs went up before they delay
premium policies look the election
'How can I save $18 to hit the Medicare to
Trust Fund",ImThatBitch_,Image shows a graph and some text related to financial issues. The emotional tone is likely negative and concerned.,3,1,6,198,18-Oct-23,-0.5,0.7,0,0.2,0,0.8,0.6,-0.7,0.6,0,0.179,0.649,0.172,-0.3519
1.85256E+18,screenshot_23.png,1,tweet,"Fighting for the people, Wife, Momala, Auntie. Sheyher official account is @VP.",KamalaHarris,A photo of Kamala Harris. The image is associated with a tweet about fighting for the people and family.,68,8,6,0,6h,0.7,-0.2,-0.8,-0.9,0.1,-0.4,-0.6,0.8,-0.5,-0.7,0.185,0.815,0,-0.3612
1.85256E+18,screenshot_23.png,1,tweet,"KAMALA INTENTIONALLY HALTED CONSTRUCTION OF BORDER WALL

PRESIDENT TRUMP'S EXECUTIVE ACTIONS TOOK MORE THAN 94 BORDER WALL
OPPOSES THE BORDER ACTIONS

ENDED REMAIN IN MEXICO POLICY ‚Äì LETTING MILLIONS OF ILLEGALS INTO THE UNITED STATES

SUPPORTS SECRET FLIGHTS FOR CITIES FUNDED DEADLY SANCTUARY ZONES ILLEGALS INTO THE COUNTRY FOR 320K SUPPORTS MASS AMNESTY",Neiko Trbojevic,"Image of Kamala Harris. The image is associated with a tweet criticizing her border policies, with strong negative sentiment.",68,1,1,0,6h,-0.9,0.8,-0.2,0.1,-0.5,0.7,0.6,-0.8,0.4,-0.1,0,0.831,0.169,0.875
1.85256E+18,screenshot_26.png,1,tweet,"What's happening
Trending in United Arab Emirates
#HappyBirthdayKarima
#YESMEGADROP
Trending in United Arab Emirates
Diddy
455k posts
Trending in United Arab Emirates",KamalaHarris,"A video, possibly a news report or a speech, is shown. The image text is about current events, trending topics, and celebrations in the United Arab Emirates. The emotional tone is neutral, informative, and possibly celebratory.",149,1,0,0,0:04 / 0:51,0,0,0,0,0,0,0,0,0,0,0,0.693,0.307,0.8126
1.85256E+18,screenshot_26.png,1,tweet,"Diddy
Trending in United Arab Emirates",Andrea,"An image with the text ""100% LIAR"" in large, bold, capital letters. The image appears to be a meme or a graphic designed to express strong disapproval or criticism. The emotional tone is hostile and critical.",0,0,0,0,th,0,0.8,0.2,0,0,0,0,0,0,0,0,0.641,0.359,0.4215
1.85256E+18,screenshot_33.png,1,tweet,"What's happening
Trending in United Arab Emirates
#HappyBirthdayKarisma
Trending in United Arab Emirates
#YESMEGADROP
Trending in United Arab Emirates
Diddy
455k posts
Trending in United Arab Emirates
ÿßŸÑÿßÿ≠ÿ™ŸÅÿßŸÑ ÿ®ÿßŸÑÿπŸäÿØ
Trending in United Arab Emirates
ÿπŸäÿØ ŸÖŸäŸÑÿßÿØ ÿ≥ÿπŸäÿØ",KamalaHarris,"An image of a brain scan, potentially medical or symbolic, is associated with the tweet. The emotional traits are difficult to assess from the image alone, but it could be perceived as neutral or potentially slightly serious/concerned, depending on the context.",4,0,0,119,8h,0,0,0,0,0,0,0,0,0,0,0,0.696,0.304,0.9186
1.85256E+18,screenshot_31.png,1,tweet,"What's happening
Trending in United Arab Emirates
#HappyBirthdayKarimUsama
#YESMEGADROP
Trending in United Arab Emirates
Diddy
458k posts
Trending in United Arab Emirates",KamalaHarris,Image shows Kamala Harris. The text is a description of current events and trending topics in the United Arab Emirates. The emotional traits are neutral.,20,0,0,0,1h,0,0,0,0,0,0,0,0,0,0,0,0.693,0.307,0.8126
1.85256E+18,screenshot_31.png,1,tweet,"CAN SOMEONE PLEASE
SHU

Patrioto / Surfer / Waterman üèÑ‚Äç‚ôÇÔ∏è
Conservative AF. Happily Married ‚ù§Ô∏è
Loves dogs üêï‚Äçü¶∫ follow Pam. Just
here to support fellow Patriots
3,689 following 3,680 followers",JayRJJ88997,Image shows Jay R. The text is a question and a description of the author's political views and interests. The emotional traits are supportive.,20,1,3,0,1h,0.7,0,0,0,0.6,0.2,0,0.5,0,0,0,0.648,0.352,0.9191
1.85256E+18,screenshot_24.png,1,tweet,"ThankfulMama @GloweWaters - 27m
Fighting for the people, Wife, Momala, Auntie. She/Her official account is @VP.",KamalaHarris,"A picture of a woman with a determined expression, possibly a political figure, is associated with the tweet. The image evokes a sense of strength and determination.",3,1,0,46,27m,0.7,0,0,0,0,0,0,0.8,0,0,0.152,0.848,0,-0.3612
1.85256E+18,screenshot_24.png,1,tweet,"SandGirl @DidISandGirl - 2h
What's happening
Trending in United Arab Emirates
#HappyBirthdayKarisma
#YESMEGADROP
Diddy
Trending in United Arab Emirates
455k posts
Trending in United Arab Emirates
[Arabic text]",SandGirl,No image associated with the tweet.,1,0,3,46,2h,0,0,0,0,0,0,0,0,0,0,0,0.741,0.259,0.8126
1.85256E+18,screenshot_24.png,1,tweet,"Joey Mannarino @JoeyMannarino - 9h
The Democrat Party has a new logo and name!",Joey Mannarino,An image of a person (likely Joey Mannarino) is associated with the tweet. The image is neutral in emotional tone.,3,0,1,46,9h,0,0,0,0,0,0,0,0,0,0,0,0.786,0.214,0.4574
1.85256E+18,screenshot_6.png,1,tweet,"How many times are you going to lie that, Scamala? How many times are you going to lie that, Scamala?",KamalaHarris,"Image shows a headline that says ""ONE ELECTION REAL WEEK!"" with a picture of a person holding a sign that says ""TOO BIG TO RIG"". The image is associated with the tweet, suggesting a political theme. The emotional tone is hostile, suggesting a critique of the political opponent.",75,11,3,806,8h,0,0.5,0,0,0,0,0,0,0.5,0,0,1,0,0
1.85256E+18,screenshot_6.png,1,tweet,"Ole Murcia 
This is a bold face. 
If he wanted to, he would have. 
Man, you really play up your dumb supporters BIG time you don't, don't even know if they're dumb enough to buy that one though Comrade. Do better!",OleMurcia,"Image shows a person holding a sign that says ""TOO BIG TO RIG"". The image is associated with the tweet, suggesting a political theme. The emotional tone is hostile, suggesting a critique of the political opponent.",46,1,1,881,8h,0,0.7,0.2,0,0,0,0,0,0,0,0.127,0.654,0.219,0.5838
1.85256E+18,screenshot_6.png,1,tweet,"White Dude For Trump 2024 
Trump broke you",copecounselor,"Image shows a picture of Donald Trump with the words ""THE TRUMP EDIT"" on it. The image is associated with the tweet, suggesting a political theme. The emotional tone is hostile, suggesting a critique of the political opponent.",4,1,3,418,418,-0.5,0.5,0,0,0,0,0,0,0,0,0.286,0.714,0,-0.4215
1.85256E+18,screenshot_40.png,1,tweet,"Fighting for the people, Wife, Momala, Auntie. She/Her official account is @VP.",KamalaHarris,Image shows a picture of Kamala Harris. The image is associated with a supportive sentiment.,60,1,6,103,6h,0.8,-0.2,-0.5,-0.7,0,0,-0.1,0.6,-0.4,-0.8,0.185,0.815,0,-0.3612
1.85256E+18,screenshot_40.png,1,tweet,"What's happening
Trending in United Arab Emirates
#HappyBirthdayKarimUsama
Trending in United Arab Emirates
#YESMEGADROP
Trending in United Arab Emirates
Diddy
Trending in United Arab Emirates
[Arabic text]
Trending in United Arab Emirates
[Arabic text]",Tory,"Image shows a picture of a person with a message that says ""STOP BONE LYING"". The image is associated with a hostile sentiment.",3,1,1,103,8h,-0.9,0.9,0.7,0.1,0,0,0.2,-0.8,0.6,-0.5,0,0.674,0.326,0.9186
1.85256E+18,screenshot_40.png,1,tweet,"Nobody likes you, cheating can save you this time
Sources of Mystcalvalley01 - 9h
This needs to be community noted.",Linds,Image shows a picture of a person. The image is associated with a neutral sentiment.,1,0,0,82,9h,-0.5,0.2,-0.1,0,0,0,-0.2,-0.3,0,0,0.141,0.625,0.234,0.34
1.85256E+18,screenshot_68.png,1,reply,"What's happening
Trending in United Arab Emirates
#HappyBirthdayKarisma
Trending in United Arab Emirates
#YESMEGADROP
Trending in United Arab Emirates",Wally Peters,"Image shows a man with an expression of surprise and a large text overlay reading ""GIVE ME A BREAK!"". The overall tone of the image is likely sarcastic and critical.",1,0,0,152,8h,0,0.3,0.5,0,0,0,0,0,0.2,0,0,0.656,0.344,0.8126
1.85256E+18,screenshot_68.png,1,reply,your administration is bankrupting Social Security and Medicare.,Sean,No image present.,1,0,0,20,7h,-0.7,0.8,0,0,0,0.8,0.6,-0.7,0,0,0,0.745,0.255,0.34
1.85256E+18,screenshot_68.png,1,reply,cardi b was an embarrassment today,Chazzy,No image present.,1,0,0,48,today,-0.9,0.6,0,0,0,0,0,-0.8,0,0,0.42,0.58,0,-0.4404
1.85256E+18,screenshot_5.png,1,reply,"No, Kamala. Trump wants to ensure continued solvency. What you're hearing from the American people is that joe and your economic isn't working for working people. That's why we're all voting Trump!",Rich Munny,"A boy holding a sign that says ""WHEN YOU LOSE"" with an image of a boy holding a sign that says ""PLEASE KAMALA DON'T BURN DOWN OUR CITIES"". The image evokes a sense of concern and possible anger towards the political figures mentioned.",55,2,1,809,10h,0.7,0.6,0.2,0,0.8,0.6,0.4,-0.5,0.5,0.1,0.063,0.855,0.082,0.1759
1.85256E+18,screenshot_4.png,1,tweet,No he didn't. Liar. Elon Musk  Vote like your life depends on it. x/s/hau/img/maguire/...,@elonmusk,Image shows a person with a serious expression. The image is neutral in terms of emotional traits.,0,0,0,0,9h,0,0,0,0,0,0,0,0,0,0,0.12,0.598,0.283,0.4592
1.85256E+18,screenshot_4.png,1,tweet,"He doesn't mind hurting working Americans, definitely won't care about Medicare or social security.",@BuckWildTex,Image shows a person with a neutral expression. The image is neutral in terms of emotional traits.,0,0,0,0,8h,0,0,0,0,0,0,0,0,0,0,0.131,0.5,0.368,0.5761
1.85256E+18,screenshot_4.png,1,tweet,Why Trump's tariff proposals would harm working Americans,@KamalaHarris,Image shows a person with a neutral expression. The image is neutral in terms of emotional traits.,0,0,0,0,8h,0,0,0,0,0,0,0,0,0,0,0.333,0.667,0,-0.5423
1.85256E+18,screenshot_69.png,1,tweet,"Donald Trump tried to cut Medicare and Social security, every year he was president.",Ravi Yaday,,70,1,1,0,8h,0,-0.5,0,0,0,0,0,0,0,0,0.127,0.727,0.145,0.0772
1.85256E+18,screenshot_41.png,1,tweet,No he didn't.,Simple Economics @Freedomwithrue,No image.,2,1,83,0,8h,0,0,0,0,0,0,0,0,0,0,0.524,0.476,0,-0.296
1.85256E+18,screenshot_41.png,1,tweet,No more joy,The Meme Lab @MemeKing7277,"Image of cartoon characters with text overlay: ""I bring you joy."" ""It's bringing joy. Don't let it get away!"" ""BREAK. IT'S LEGS!""",13,1,27,0,8h,0.5,0,0,0,0,0,0,0.7,0,0,0.302,0.137,0.561,0.4391
1.85256E+18,screenshot_41.png,1,tweet,"What's happening
Trending in United Arab Emirates
#HappyBirthdayKarinUsama
#YESMEGADROP
Diddy
455k posts
Trending in United Arab Emirates
[Arabic text]
Trending in United Arab Emirates
[Arabic text]
Trending in United Arab Emirates
[Arabic text]",KamalaHarris @KamalaHarris,No image.,0,0,0,0,8h,0,0,0,0,0,0,0,0,0,0,0,0.721,0.279,0.8807
1.85256E+18,screenshot_51.png,1,reply,"Never happens. Lies.
Also he's giving NO TAX on Social Security",Merica Madness,Image shows a person smiling with birthday decorations. The emotional tone is positive and celebratory.,69,0,0,0,8h,0,0,0,0,0,0,0,0,0,0,0.172,0.41,0.418,0.4937
1.85256E+18,screenshot_51.png,1,reply,"Joe Parrino @JoeParrino4-2h
I want a President that doesn't lie!  Doesn't get light and that one doesn't allow millions of illegals come into our country while she says she's there for 4 years and did nothing but say there is no problem now. While saying it will fix it!",Joe Parrino,Image shows a person with a neutral expression. The emotional tone is neutral.,44,0,0,0,2h,0,0,0,0,0,0,0,0,0,0,0.161,0.817,0.022,-0.7974
1.85256E+18,screenshot_44.png,1,tweet,FRAUD. CNN and pro-Israel Kamala Harris for running anti-Israel ads in Michigan just exposed ads in Pennsylvania. Trump should just run them for her in reverse.,@amuse,"Image shows a news anchor on a television screen. The emotional traits are hostile and skeptical, as the tweet is criticizing a political opponent.",0,0,0,0,8h,-0.8,0.8,0.5,0,0.6,0,0,-0.7,0.7,0,0.196,0.804,0,-0.7034
1.85256E+18,screenshot_44.png,1,tweet,"Fighting for the people, wife, Momola, Auntie. Sheyher official account is VP's.",@KamalaHarris,,0,0,0,0,8h,0.9,-0.8,0,0,0,0,0,0.8,-0.7,0,0.185,0.815,0,-0.3612
1.85256E+18,screenshot_44.png,1,tweet,"No, he is NOT, don't lie.",Helen Stroud,,8,0,0,0,2h,-0.5,0.7,0,0,0,0,0,-0.5,0.5,0,0.306,0.694,0,-0.296
1.85256E+18,screenshot_44.png,1,tweet,Kamala you've switched to Trump policy. How has it been? why is it? democrats talked more about Trump policies.,SmigglePuffy,,2,0,0,0,8h,0,0,0,0.5,0,0,0,0,0,0,0,1,0,0
1.85256E+18,screenshot_52.png,1,tweet,"""I Will Fix Things If You Vote Me Into Office,' Says Woman Currently In Office",msheesha,"A woman in a professional setting, possibly a politician or business leader, is shown in the image. The text overlay suggests a campaign message or political statement.",68,3,1,0,8h,0.7,0,0,0,0,0,0,0.8,0,0,0,1,0,0
1.85256E+18,screenshot_52.png,1,tweet,"What's happening
Trending in United Arab Emirates
#HappyBirthdayKarisma
#YESMEGADROP
Trending in United Arab Emirates",KamalaHarris,"A photo of Kamala Harris, likely a political figure, is present. The image is associated with a tweet discussing current events and trending topics in the United Arab Emirates.",0,0,0,0,8h,0,0,0,0,0,0,0,0,0,0,0,0.682,0.318,0.6808
1.85256E+18,screenshot_52.png,1,tweet,Bet Trump will cut administration costs of Medicare and Medicaid by 80%.,Boom Chicka,No image present,18,3,1,0,8h,0,0,0,0,0,0,0,0,0,0,0.16,0.84,0,-0.2732
1.85256E+18,screenshot_46.png,1,reply,"GUS @gus_knudsen  8h
@Keaveinth COOKS Fake News ABC host who tried to claim Donald Trump War Room @TrumpWarRoom  13h
Democrats are the ones against political violence.  Are you kidding? His opponents are saying, this very day, the same rhetoric that led to those two assassination attempts. The second...",GUS,"Image shows a news headline about Donald Trump and a news channel logo. The image is likely associated with a political discussion, potentially expressing hostile or skeptical sentiment towards Trump.",117,17,1,287,8h,0,0.3,0.1,0,0,0,0.2,0,0.4,0,0.253,0.724,0.024,-0.9393
1.85256E+18,screenshot_46.png,1,tweet,"Ranjeet Kushwaha @ranjeetkushwaha_BJP 1h
You've absolutely right. People worked hard their entire lives, and they deserve the benefits for ensuring people's security and well-being.  Security is crucial to the earned.  Prog.s like Medicare and Social Working are not them ensuring...",Ranjeet Kushwaha,"Image shows a woman in a suit. The image is likely associated with a political discussion, potentially expressing supportive sentiment towards a political candidate or policy.",113,13,27,287,1h,0.7,0,0,0,0.2,0,0,0.5,0,0,0.03,0.717,0.253,0.8625
1.85256E+18,screenshot_53.png,1,tweet,Kamala lied to media in every interview about Joe's decline,martineb,Image of a man (Michael Scott from the office) with a serious expression. The image suggests a critical or skeptical tone towards the subject of the tweet.,3,1,3,57,8h,0,0.5,0,0,0,0,0,-0.5,0.5,0,0.224,0.776,0,-0.3818
1.85256E+18,screenshot_53.png,1,tweet,"What's happening
Trending in United Arab Emirates
#HappyBirthdayKamalaHarris
#YESMEGADROP
Trending in United Arab Emirates
Diddy
455K posts
Trending in United Arab Emirates",@KamaHarris,No image present.,34,1,1,10,7h,0,0,0,0,0,0,0,0,0,0,0,0.693,0.307,0.8126
1.85256E+18,screenshot_53.png,1,tweet,Will also protect immigrants' granted the right to a respectable,Mac,No image present.,3,1,27,138,8h,0.7,-0.2,0,0,0,0,-0.1,0.6,-0.1,-0.8,0,0.444,0.556,0.7579
