tweet_id,file_name,completeness,content_type,text_body,username,image_text_description,likes,replies,retweets,views,time_of_post,supportive,hostile,sarcastic,ambivalent,nationalist,anti_elite,fearful,optimistic,skeptical,disengaged
1839971510259249237,screenshot_10.png,1,tweet,"But only one American Feb 28, convictions and funds liable for rape is running for President.",Franklin,Image of a person with a picture of Trump.,13,1,27,138.0,2h,0.0,0.5,0.0,0.0,0.0,0.0,0.0,0.0,0.0,0.0
1839971510259249237,screenshot_10.png,1,tweet,Khama's has failed the American people,Robert Sp,Image of Donald Trump.,46,6,110,1436.0,"Sep 26, 2023",0.0,0.7,0.0,0.0,0.0,0.0,0.0,0.0,0.0,0.0
1839971510259249237,screenshot_10.png,1,tweet,"But there were more than two places left to risk at of attack. House, US forces and contractors have been regularly targeted by Iran-backed militias.",Libertas,"Image of a political poster with the words ""TOO BIG TO RIG"".",10,1,13,57.0,2h,0.0,0.6,0.0,0.0,0.0,0.0,0.2,0.0,0.0,0.0
1839971510259249237,screenshot_11.png,1,tweet,"How can anyone vote for a continuation of this so-called ""America First"" agenda?  Half of these nations were flown on the Kamala Express.  It has the appearance of the USA, 2021, Cuba, 2021.  6,800 have entered the Republic of Nicaragua.  Noteworthy, for which numbers, ""Spying/Lies"" encountered.  Be aware that those individuals are merely encountering ""how"" to accomplish that.  #TrumpIsALoser",Franklin,A graph showing the increase in illegal alien entries into the USA.,1,0,2,13.0,Sep 28,0.0,0.5,0.2,0.0,0.1,0.1,0.6,0.0,0.2,0.0
1839971510259249237,screenshot_11.png,1,tweet,"Subscribe to Premium to write longer posts.  With your own hashtags and topic formatting, good luck and have fun.",Instagrammers,A graphic showing a subscription option.,6,1,10,106.0,Sep 28,0.1,0.0,0.0,0.0,0.0,0.0,0.0,0.1,0.0,0.8
1839971510259249237,screenshot_20.png,1,tweet,"Those crossing our border should NOT be deported to their country of origin, they should be stopped. That's how you stop illegal immigration. Q.E.D.",Craig_McGregor,"Image of a man with a muscular build, wearing a red top.  A portion of the image shows a US flag.",6286,40,988,2535.0,"Sep 29, 2023",0.7,0.2,0.0,0.0,0.8,0.1,0.1,0.0,0.0,0.0
1839971510259249237,screenshot_20.png,1,tweet,"It was all. Me. leading back to this.  Who could think Putin even me.  Frankly, you can't control the border. It's all about me.  The answer, of course, is Cuban Illegal Immigrants",Ciaraft,Image of a man with a suit and tie.,2503,13,98,2535.0,"Sep 29, 2023",0.0,0.7,0.1,0.0,0.0,0.1,0.1,0.0,0.0,0.0
1839971510259249237,screenshot_20.png,1,tweet,45th President of the United States of America,FarhanKhan95411,Image of a man in a suit.,0,0,0,0.0,"Sep 29, 2023",0.0,0.0,0.0,0.0,0.0,0.0,0.0,0.0,0.0,0.0
1839971510259249237,screenshot_21.png,1,tweet,"Subscribe to Premium to write longer posts.
Write your own posts fast and formatting with such as bold, italic, etc.",45th President of the United States of America,"A graphic that says ""Subscribe to Premium"" and shows a button to subscribe.",0,0,0,0.0,,0.0,0.0,0.0,0.0,0.0,0.0,0.0,0.0,0.0,0.0
1839971510259249237,screenshot_21.png,1,tweet,"nasty petrowick @eyeslocked29 Sep 28
You've a connected rapist in secur for what?",nasty petrowick,No image.,1,0,0,0.0,Sep 28,0.0,0.5,0.0,0.0,0.0,0.0,0.0,0.0,0.0,0.0
1839971510259249237,screenshot_21.png,1,tweet,MURDERED UNDER BORDER CZAR,Hawky,Image of a young woman.,10,0,0,2500.0,Sep 29,0.0,1.0,0.0,0.0,0.0,0.0,0.5,0.0,0.0,0.0
1839971510259249237,screenshot_21.png,1,tweet,Trump is a loser,Franklin,Image of a person.,1,0,3,1300.0,2h,0.0,0.8,0.0,0.0,0.0,0.0,0.0,0.0,0.0,0.0
1839971510259249237,screenshot_3.png,1,tweet,0.00001 murder connects crossing our border! This isn't a border issue‚Äîit's a national security issue. How can we keep turning blind eye to the safety of our own citizens?,Redd_Stricken,"Image of Donald Trump, appearing to be in a superhero pose, with a Statue of Liberty figure lying on the ground below him, in the background.",458,14,17,2585.0,Sep 25,0.0,0.5,0.0,0.0,0.4,0.0,0.4,0.0,0.0,0.1
1839971510259249237,screenshot_3.png,1,tweet,I have let the next terrorist attack.,FarhanKhan5841,Image of a person.,0,0,0,0.0,Sep 28,0.0,0.0,0.0,0.0,0.0,0.0,0.0,0.0,0.0,0.0
1839971510259249237,screenshot_35.png,1,tweet,"It's time to take back COUNTRY!!

#FIGHTPresident",OysterPage,Image of Donald Trump,9,1,7,2900.0,"Sep 26, 2023",0.9,0.0,0.0,0.0,0.8,0.1,0.0,0.1,0.0,0.0
1839971510259249237,screenshot_35.png,1,tweet,"SUPPORT PRESIDENT when the ship is out of control, FIGHT FIGHT FIGHT #FIGHTPresident #MAGA2024",OysterPage,Image of Donald Trump,10,1,8,2900.0,"Sep 26, 2023",0.9,0.0,0.0,0.0,0.8,0.1,0.0,0.1,0.0,0.0
1839971510259249237,screenshot_35.png,1,tweet,45th President of the United States of America,OysterPage,Image of Donald Trump,0,0,0,0.0,"Oct 30, 2023",0.0,0.0,0.0,0.0,0.0,0.0,0.0,0.0,0.0,0.0
1839971510259249237,screenshot_36.png,1,tweet,"FIGHT! FIGHT! 
Subscribe to Premium to write your own longer posts. 
Write longer posts and add formatting such as bold, italic, and lists.",45th President of the United States of America,Image shows Donald Trump.,13,2,48,0.0,Sep 28,0.8,0.0,0.0,0.0,0.0,0.0,0.0,0.0,0.0,0.0
1839971510259249237,screenshot_36.png,1,tweet,I'm fighting for YOU!!,FarhanKhan,Image shows American flag and a picture of a person.,1,3,27,0.0,Sep 29,0.9,0.0,0.0,0.0,0.0,0.0,0.0,0.1,0.0,0.0
1839971510259249237,screenshot_41.png,1,tweet,Day one for me was January 2021. I helped create this mess.,@KamalaHarris,Image shows a picture of Kamala Harris.,12,1,2,64.0,"Sep 28, 2023",0.0,0.0,0.0,0.0,0.0,0.0,0.0,0.0,0.0,0.0
1839971510259249237,screenshot_41.png,1,tweet,Keep up the message and fight the good fight. President Trump,@FarhanKhan9541,"Image shows a picture of a person, and some text.",0,0,0,0.0,"Sep 28, 2023",0.0,0.0,0.0,0.0,0.0,0.0,0.0,0.0,0.0,0.0
1839971510259249237,screenshot_41.png,1,tweet,Connect & Support MSM TOP 80% (NOT BOTTOM) Class Notes - #Stop_The_Madness,@FarhanKhan9541,"Image shows a picture of a person, and some text.",0,0,0,0.0,"Sep 28, 2023",0.0,0.0,0.0,0.0,0.0,0.0,0.0,0.0,0.0,0.0
1839971510259249237,screenshot_42.png,1,tweet,#PLEASE BLAME IT,Farhan Khan,An image of Donald Trump.,0,0,0,0.0,Oct 28,0.0,0.0,0.0,0.0,0.0,0.0,0.0,0.0,0.0,0.0
1839971510259249237,screenshot_42.png,1,tweet,"and host MISSISSIPPI (or the word) Note: Class #659 top #926 - MISSING (40) Seriously, where are the children? Love,",SOOSource,Image with text related to missing children and a picture of a man.,0,0,0,0.0,Sep 28,0.0,0.0,0.0,0.0,0.0,0.0,0.0,0.0,0.0,0.0
1839971510259249237,screenshot_42.png,1,tweet,"It's your fault, no one else's.",Franklin,Image of a person.,0,0,0,0.0,Oct 14,0.0,0.0,0.0,0.0,0.0,0.0,0.0,0.0,0.0,0.0
1839971510259249237,screenshot_42.png,1,tweet,Subscribe to Premium to write longer posts. Write your own posts and tailor formatting such as bold and italic fonts. Love.,45th President of the United States of America,Image of a subscription button.,0,0,0,0.0,Sep 28,0.0,0.0,0.0,0.0,0.0,0.0,0.0,0.0,0.0,0.0
1839971510259249237,screenshot_43.png,1,tweet,"PLEASE 
BLAME IT 
ON ME
for killing the bipartisan deal
to secure the border.
DONALD TRUMP",Donald Trump,"A graphic with the words ""PLEASE BLAME IT ON ME"" in large, bold letters, followed by smaller text about killing the bipartisan deal to secure the border.  Image also shows a picture of Donald Trump.",458,16,9,2563.0,Oct 28,0.0,0.5,0.3,0.0,0.6,0.4,0.2,0.0,0.0,0.0
1839971510259249237,screenshot_43.png,1,tweet,"More than 1,000,000 families connected to homicides are living outside their homes.",Jeffrey Gold,"Image shows a wire fence, likely at the border. The image is associated with the text about families connected to homicides living outside their homes.",3,0,0,0.0,Oct 28,0.0,0.7,0.0,0.0,0.0,0.0,0.8,0.0,0.0,0.0
1839971510259249237,screenshot_43.png,1,tweet,THE WHOLE WORLD,Farhan Khan,"Image shows the words ""THE WHOLE WORLD"" in large, bold letters.",58,1,13,2553.0,Oct 28,0.0,0.0,0.0,0.0,0.0,0.0,0.0,0.0,0.0,0.0
1839971510259249237,screenshot_45.png,1,tweet,"I'm making the SPOT!  
Crazy and sad is what they want the people to be. 
They could tell you the message is bigger, deflecting your focus, although you shouldn't be surprised. 
Although, watch, we try to take you know about the top news shows, more soon.",AfsahJoyee,"Image of a person in a scene that appears to be a news report or a news studio.  A person is holding a sign that says ""If We Can Be Open in Election 2024"" with a cartoon image of a vehicle.",1,0,0,108.0,Sep 28,0.0,0.0,0.0,0.0,0.0,0.0,0.0,0.0,0.0,0.0
1839971510259249237,screenshot_45.png,1,tweet,Will Styles doesn't seem to understand why the administration wants to do something about it (in his mind) that makes the administration do something about it.  It's really about what's happening in 2024.  I need you all to follow. Let's get ready to rumble.  #MAKEAMOVIE #LOVE2024,FarhanKhan,"Image of a person with a sign that says ""Look at the Hidden Crisis""",1,0,0,98.0,Sep 28,0.0,0.0,0.0,0.0,0.0,0.0,0.0,0.0,0.0,0.0
1839971510259249237,screenshot_47.png,1,tweet,Well that was a deal that was gone to Republican this block since you needed something to run your Republican to deal but you stuck the deal.,MidoriHall,Image shows a woman with an expression of surprise or concern.,6,0,30,430.0,"Sep 28, 2023",0.0,0.0,0.0,0.5,0.0,0.0,0.2,0.0,0.2,0.1
1839971510259249237,screenshot_47.png,1,tweet,What's the one thing they have in common?,Conservative_Hall,Image shows a graphic with a list of topics.,10,0,10,100.0,"Sep 28, 2023",0.0,0.0,0.0,0.0,0.0,0.0,0.0,0.0,0.0,0.0
1839971510259249237,screenshot_48.png,1,tweet,"When you report $500,000,000 in crypto-assets, how are we supposed to know which are legitimate or not?  #500MillionCrypto #Crypto #Election2024 Looking at you, Kamala Harris",Joey Mannarino,A man with a serious expression is shown in the image.,165,1,1,4286.0,"Sep 28, 2024",0.0,0.0,0.0,0.0,0.0,0.0,0.0,0.0,0.5,0.0
1839971510259249237,screenshot_48.png,1,tweet,"I can't believe they have done this.  I'm praying with you. We need this country. We will not start moving four years of what's going on, I'm on board.",Joey Mannarino,A man with a serious expression is shown in the image.,124,0,0,2704.0,"Sep 28, 2024",0.7,0.0,0.0,0.0,0.0,0.0,0.0,0.2,0.0,0.0
1839971510259249237,screenshot_48.png,1,tweet,"Beat my record in the world. I was playing bad guys. They looked at my socks, they're red, they're bad.",Farhan Khan,A picture of a person is shown.,13,1,27,138.0,"Sep 28, 2024",0.0,0.0,0.5,0.0,0.0,0.0,0.0,0.0,0.0,0.0
1839971510259249237,screenshot_50.png,1,tweet,"Frankly, the US is not clean when it comes to the data with the 2020 election. The US law enforcement officials infiltrated into several news channels, criminal cases on the allegations under consideration, including suspicious activities crossed into the US, under the pretense of doing investigations.  Show more",FarhanKhan4541,"Image of a stadium, likely a sports arena, possibly in Seattle.  A news article or report is visible in the tweet.",0,0,0,2503.0,"Sep 29, 2023",0.0,0.5,0.0,0.0,0.0,0.0,0.3,0.0,0.6,0.0
1839971510259249237,screenshot_54.png,1,tweet,"Subscribe to Premium to write your own longer posts. Write longer posts and apply formatting such as bold, italic, and more. Subscribe",45th President of the United States of America,Image of a person in a black dress and black shoes.,0,0,0,0.0,Sep 28,0.0,0.0,0.0,0.0,0.0,0.0,0.0,0.0,0.0,0.0
1839971510259249237,screenshot_54.png,1,tweet,Cure the opening scores of Book 51,Palitchai Amara,Image of a post-apocalyptic scene with soldiers in the foreground.,10,4,2,2588.0,Sep 29,0.0,0.0,0.0,0.0,0.0,0.0,0.0,0.0,0.0,0.0
1839971510259249237,screenshot_54.png,1,tweet,I never told you to hate anybody,Farhan Khan,"Image with a large text overlay saying ""I never told you to hate anybody""",0,0,0,0.0,Sep 29,0.0,0.0,0.0,0.0,0.0,0.0,0.0,0.0,0.0,0.0
1839971510259249237,screenshot_55.png,1,tweet,I NEVER TOLD ANYBODY TO HATE ANYBODY,Farhan Khan,"Image with text ""I NEVER TOLD ANYBODY TO HATE ANYBODY"" overlaid on a picture.  Additional text below the main text, including ""I don't care where they're from, who they look like, or who they worship. Why is this so difficult?""",0,0,0,0.0,,0.0,0.0,0.0,0.0,0.0,0.0,0.0,0.0,0.0,0.0
1839971510259249237,screenshot_56.png,1,tweet,"MAGA üá∫üá∏ #FreedomWeek #Oct28-31
Coca-Cola is a traitor, though it sends thousands across the border.
#Trump2024 #USA #AmericaFirst",farhan_khan9541,"A yellow donation box with a circular hole in the center, possibly a charity box or a similar container.",4,0,0,2583.0,Sep 29,0.6,0.3,0.1,0.0,0.7,0.2,0.1,0.1,0.0,0.0
1839971510259249237,screenshot_56.png,1,tweet,"She's crazy, but she's right!  
This is insane! 
@Democrazy_S444 Sep 29
That's a traitor who doesn't consider how we handle border security and background checks.",farhan_khan9541,Empty,0,0,0,0.0,Sep 29,0.1,0.8,0.1,0.0,0.1,0.1,0.1,0.0,0.0,0.0
1839971510259249237,screenshot_56.png,1,tweet,"What's happening
#AmericaFirst #FreedomWeek
#Oct 28-31
Provided by Binance Emirates",Binance Emirates,Empty,0,0,0,2583.0,Sep 29,0.5,0.0,0.0,0.0,0.5,0.0,0.0,0.0,0.0,0.0
1839971510259249237,screenshot_6.png,1,tweet,Video goes viral on social media of a dog jumping the border.,Farhan Khan,Video of a dog jumping a border.,4286,203,98,2535.0,Sep 29,0.0,0.0,0.0,0.0,0.0,0.0,0.0,0.0,0.0,0.0
1839971510259249237,screenshot_61.png,1,tweet,"Don't forget this all-in Trump Fax, still have our swinging lunches with white supremacists.",Mario,A graphic with a text overlay that appears to be a fax or document.,13,1,3,2553.0,Sep 30,0.0,0.8,0.2,0.0,0.0,0.0,0.0,0.0,0.0,0.0
1839971510259249237,screenshot_61.png,1,tweet,Safe is shocking number security protocols need to stronger border control and more thoroughly vet the people coming in to keep people safe.,Farhan Khan,,1,0,0,0.0,Sep 30,0.7,0.0,0.0,0.0,0.2,0.0,0.1,0.0,0.0,0.0
1839971510259249237,screenshot_61.png,1,tweet,"Subscribe to Premium to write your own longer posts.
Write longer posts and apply formatting such as bold and italic.",45th President of the United States of America,,0,0,0,0.0,Sep 30,0.0,0.0,0.0,0.0,0.0,0.0,0.0,0.0,0.0,0.0
1839971510259249237,screenshot_62.png,1,tweet,"That's a shocking number, it highlights the urgent need for stronger border control and more thorough vetting processes to keep communities safe. Border security is a national security. #ProtectOurBorderSecurity #SecureTheBorder",MineoWealth,Image shows a graph or chart related to border security.,0,0,0,0.0,Sep 30,0.7,0.0,0.0,0.0,0.8,0.0,0.2,0.0,0.0,0.0
1839971510259249237,screenshot_9.png,1,tweet,"This was purposefully done to destabilize the leadership on starting day once again of good work. Good leadership, Mass cooperation to make America Great Again!",Rtd. Lt. Col. Robert Spalding,"Image of a man, likely a historical figure, possibly a scientist or academic.",2,1,1,57.0,"Sep 28, 2023",0.7,0.0,0.0,0.0,0.8,0.0,0.0,0.5,0.0,0.0
1839971510259249237,screenshot_9.png,1,tweet,Only the secure can survive the best!,Rtd. Lt. Col. Robert Spalding,"Image of a man, likely a historical figure, possibly a scientist or academic.",0,0,0,0.0,"Sep 28, 2023",0.9,0.0,0.0,0.0,0.6,0.0,0.0,0.4,0.0,0.0
1839971510259249237,screenshot_9.png,1,tweet,I will terminate and begin the largest border operation in the Eastern American history.,Farhan Khan,No image,63,1,8,618.0,"Sep 29, 2023",0.0,0.0,0.0,0.0,0.0,0.0,0.0,0.0,0.0,0.0
1839972177610727732,screenshot_14.png,1,tweet,"He wants to go back to the people, destiny child ranking, even seeing this still fighting. God bless him.",Zion Darkwood,"Image shows a collage of two pictures. The left picture shows a man with a determined look, and the right picture shows a man in a military uniform. The text on the image is not clear.",107,9,28,4508.0,Sept 28,0.7,0.0,0.0,0.0,0.2,0.0,0.0,0.1,0.0,0.0
1839972177610727732,screenshot_14.png,1,tweet,"We've seen what Trump is trying to do in history before, try to undermine either humans. Trump will become America's feel-let him not let him.",Zion Darkwood,"Image shows a collage of two pictures. The left picture shows a man with a determined look, and the right picture shows a man in a military uniform. The text on the image is not clear.",128,19,28,5124.0,Sept 28,0.0,0.6,0.0,0.1,0.0,0.0,0.1,0.0,0.2,0.0
1839972177610727732,screenshot_14.png,1,tweet,"Regarding 2016 campaign, videos referenced the account Trump's campaign. In 2016, in 2020, videos referenced the account Donald Trump's account. In 2016, videos referenced the account Donald Trump's account.",Farhan Khan,No image,1,3,27,138.0,Sept 27,0.0,0.0,0.0,0.0,0.0,0.0,0.0,0.0,0.0,0.0
1839972177610727732,screenshot_15.png,1,tweet,"SOMEONE WHO IS LETTING 14,000 MURDER INTO OUR COUNTRY SHOULD NEVER BE ALLOWED TO RUN FOR PRESIDENT! THIS IS AN ACT OF TREASON AGAINST THE UNITED STATES OF AMERICA",Lara @Lara_Trump,"A woman (Lara Trump) smiling, with a black background and text overlayed on the image.",129,3,73,4308.0,"Sep 28, 2023",0.0,0.8,0.0,0.0,0.7,0.6,0.9,0.0,0.0,0.0
1839972177610727732,screenshot_15.png,1,tweet,"Wouldn't you like to know that as someone who is so skeptical, lunatic, none of this is true but I won't get back in the White House",Farhan Khan @FarhanKhan95411,A picture of a person.,1,3,13,258.0,"Sep 28, 2023",0.0,0.2,0.5,0.2,0.0,0.0,0.0,0.0,0.8,0.0
1839972177610727732,screenshot_19.png,1,tweet,"MAGA [Twitter handle]  because of Counter-Terrorism, Republicans and Democrats are pouring into the country, open borders, refugees, and opioids are charges. Criminals with no regard for law or enforcement, turning with your communities with advantage for self-safety. This...",Farhan Khan,A tweet with a graphic showing various political events and dates.  The graphic appears to be a timeline of political events.,1,0,0,105.0,"Sep 4, 2023",0.0,0.0,0.0,0.0,0.0,0.0,0.5,0.0,0.0,0.0
1839972177610727732,screenshot_19.png,1,tweet,Clarence [Twitter handle]  [Tweet content],Clarence,No image associated with the tweet.,3,0,2,187.0,"Sep 5, 2023",0.0,0.0,0.0,0.0,0.0,0.0,0.0,0.0,0.0,0.0
1839972177610727732,screenshot_19.png,1,tweet,George [Twitter handle]  [Tweet content],George,No image associated with the tweet.,2,0,0,63.0,Sep 2023,0.0,0.0,0.0,0.0,0.0,0.0,0.0,0.0,0.0,0.0
1839972177610727732,screenshot_2.png,1,original tweet,Make America Great Again,MarauderMagazine,"Image of Donald Trump with the text ""Make America Great Again""",0,0,0,0.0,"Sun, 28",0.8,0.0,0.0,0.0,0.7,0.0,0.0,0.5,0.0,0.0
1839972177610727732,screenshot_2.png,1,original tweet,Kamala needs all the help she can get to destroy America,MarauderMagazine,Image of Kamala Harris,0,0,0,0.0,"Sun, 28",0.0,0.7,0.0,0.0,0.0,0.0,0.0,0.0,0.0,0.0
1839972177610727732,screenshot_2.png,1,original tweet,PROP UP BOYS!,MarauderMagazine,Image of a man,0,0,0,0.0,"Sun, 28",0.6,0.0,0.0,0.0,0.0,0.0,0.0,0.0,0.0,0.0
1839972177610727732,screenshot_2.png,1,original tweet,SHE CAN'T DO IT ON HER OWN,FarhanKhan95411,Image of a woman,2,0,0,167.0,2h,0.0,0.7,0.0,0.0,0.0,0.0,0.0,0.0,0.0,0.0
1839972177610727732,screenshot_25.png,1,reply,"Zack's been back, yet looking for good explanation to the disingenuous nature of Republican claims as why America Has not done things in absolute consensus as president.",Christopher Balicki,A man in a light-colored shirt is shown in the image.,4,0,0,0.0,Sep 29,0.0,0.0,0.0,0.5,0.0,0.0,0.0,0.0,0.5,0.0
1839972177610727732,screenshot_25.png,1,tweet,She's gonna be FIRING her staff in 35 days. #GetHimOut,Farhan Khan,Donald Trump is shown in the image.,6,4,1,13.0,Sep 28,0.0,0.5,0.0,0.0,0.0,0.0,0.0,0.0,0.0,0.0
1839972177610727732,screenshot_28.png,1,tweet,Make America Great Again,Franklin,"Image of a woman in a light-colored shirt, surrounded by other women in similar attire. The image appears to be a political statement, possibly related to a political candidate or campaign. There is a red text overlay that says ""MURDERED UNDER BORDER CZAR"" on the image.",13,1,27,138.0,"Sep 28, 2024",0.7,0.2,0.0,0.0,0.8,0.1,0.1,0.1,0.0,0.0
1839972177610727732,screenshot_28.png,1,tweet,Subscribe to Premium to write your own longer posts. Write longer text posts and apply formatting such as bold and italic.,American,"Image of a man (likely a political figure) in a suit. The image is part of an advertisement for a premium service, possibly related to writing or publishing.",0,0,0,0.0,,0.0,0.0,0.0,0.0,0.0,0.0,0.0,0.0,0.0,0.0
1839972177610727732,screenshot_29.png,1,tweet,We ruined California.  WITH YOUR VOTE WE CAN DO IT FOR THE ENTIRE NATION,Davey_J_1,"Image of a meme with a picture of Kamala Harris and text overlay. The text says ""We ruined California"" and ""WITH YOUR VOTE WE CAN DO IT FOR THE ENTIRE NATION"".",189,1,10,5100.0,"Sep 28, 2017",0.0,0.5,0.0,0.0,0.0,0.0,0.0,0.0,0.0,0.0
1839972177610727732,screenshot_29.png,1,tweet,"Franklin Cruz shows that crimes committed by politicians, or strategically showing the rest of the targeted or biased population, Trump knows full well that he's lying to the American people.",FranklinCruz9541,Image of a person (Franklin Cruz).,16,1,27,138.0,"Sep 28, 2017",0.0,0.7,0.0,0.0,0.0,0.2,0.0,0.0,0.1,0.0
1839972177610727732,screenshot_30.png,1,tweet,"YO DEMOCRATS: Thanks for the welcome
This is they, and then what is there to be just
DO NOT EXPECT AN OUNCE
OF SYMPATHY FROM US THOUGH",Brandon,"Image shows a cartoon-like figure of a person, likely a representation of a political figure or group. The figure is depicted in a manner that suggests a hostile or critical tone. The text overlay on the image reads ""YO DEMOCRATS: Thanks for the welcome This is they, and then what is there to be just DO NOT EXPECT AN OUNCE OF SYMPATHY FROM US THOUGH""",0,0,0,0.0,Sep 28,0.0,0.8,0.2,0.0,0.0,0.0,0.0,0.0,0.0,0.0
1839972177610727732,screenshot_30.png,1,tweet,"If the bipartisan border bill fails,
""PLEASE.""",Farhan Khan,"Image shows a picture of the US flag. The text overlay on the image reads ""If the bipartisan border bill fails, PLEASE""",0,0,0,0.0,Sep 28,0.0,0.5,0.2,0.0,0.0,0.0,0.0,0.0,0.0,0.0
1839972177610727732,screenshot_31.png,1,reply,"Regarding question, what drugs are being in this supplementary declaration and how than you should about it all day if this to be the outcome from actual reality?",W/SGD_DAWN/Lin_Zeng,"""BORDER FAIL."" ""PLEASE BLAME IT ON ME."" DONALD TRUMP",0,0,0,0.0,Sep 28,0.0,0.0,0.0,0.0,0.0,0.0,0.0,0.0,0.0,0.0
1839972177610727732,screenshot_31.png,1,reply,"#because she showed up in the debate doesn't mean the bears are allegedly identified and in cell, but he believes that one day we will be able to truly understand the implications that it will be on the entirety of the country.",Nudele_Truths,"""BORDER FAIL."" ""PLEASE BLAME IT ON ME."" DONALD TRUMP",0,0,0,0.0,Sep 28,0.0,0.0,0.0,0.0,0.0,0.0,0.0,0.0,0.0,0.0
1839972177610727732,screenshot_31.png,1,tweet,"The police showed up on the CNN, in other cases, assaults have been poorly profiled, which led to the people's criminal transgressions in recent history.",Farhan_Khan95411,,0,0,0,0.0,Sep 28,0.0,0.0,0.0,0.0,0.0,0.0,0.0,0.0,0.0,0.0
1839972177610727732,screenshot_32.png,1,tweet,"The public is to learn that the DOJ, FBI + other US Foreign Assets have been actively working behind the scenes in the most recent criminal investigations in modern day history.  DEGLAS > Purpose > Illuminate the TRUTH > Transparency is the only way forward. (CONTROLLED MEDIA - Enemy of the People)",AttichayRey,Image shows a graphic with text related to the tweet's content.,0,0,0,0.0,Sep 28,0.0,0.0,0.0,0.0,0.0,0.0,0.0,0.0,0.0,0.0
1839972177610727732,screenshot_32.png,1,tweet,Some Black Women do support Trump,FarhanKhan,Image of a Black woman.,0,0,0,0.0,,0.0,0.0,0.0,0.0,0.0,0.0,0.0,0.0,0.0,0.0
1839972177610727732,screenshot_33.png,1,tweet,"Start your day! 

@poet_y_v_s as his bioinfluencers @DramaSicks @DramaSicks 
@sheikha_etc @OneEyed_Rose_ and many more, with @sheikha_etc are on a full-speed mode, building a disinformation campaign etc and their followers with #DramaSicks 

Why?

To show that",Farhan Khan,A woman in a black top and black baseball cap. The image is a profile picture of a person.,15,2,27,0.0,Sep 29,0.0,0.0,0.0,0.0,0.0,0.0,0.0,0.0,0.0,0.0
1839972177610727732,screenshot_34.png,1,tweet,"""ON MY KNEES...?
OR JUST BEND OVER?""",The Real News,"Image shows Donald Trump and another person, possibly Vladimir Putin.",13,1,48,0.0,Sep 29,0.0,0.5,0.2,0.0,0.0,0.0,0.2,0.0,0.1,0.0
1839972177610727732,screenshot_34.png,1,tweet,"Subscribe to Premium to write your own longer posts.
Write as-longer posts and apply formatting such as bold text and italic.",Premium,Image shows a button or link to subscribe to Premium.,0,0,0,0.0,Sep 29,0.0,0.0,0.0,0.0,0.0,0.0,0.0,0.0,0.0,0.0
1839972177610727732,screenshot_34.png,1,tweet,Learn Right Things.,Farhan Khan,Image shows a news article or a news website.,1,3,27,0.0,Sep 29,0.0,0.0,0.0,0.0,0.0,0.0,0.0,0.0,0.0,0.0
1839972177610727732,screenshot_35.png,1,tweet,"Rape reported every hour in London

Charges say the true extent of sexual offending will be far higher as not everyone reports crimes",BBC News,Screenshot of a BBC News article about rape reports in London.,123,13,6,0.0,Sep 29,0.0,0.5,0.0,0.0,0.0,0.0,0.7,0.0,0.0,0.0
1839972177610727732,screenshot_35.png,1,tweet,Welcome to Kamala Harris,Vice,Image of Kamala Harris.,11,0,0,0.0,Sep 29,0.9,0.0,0.0,0.0,0.0,0.0,0.0,0.1,0.0,0.0
1839972177610727732,screenshot_37.png,1,tweet,"DON'T BLAME ME
IM JUST A MIDDLE CLASS FAMILY",Donald J. Trump,Image shows a hippopotamus wearing a pair of red shoes.,0,0,0,0.0,"Sep 29, 2020",0.0,0.0,0.0,0.0,0.0,0.0,0.0,0.0,0.0,0.0
1839972177610727732,screenshot_37.png,1,reply,Do you support?,Anaya Moniz,,0,0,0,0.0,"Sep 29, 2020",0.0,0.0,0.0,0.0,0.0,0.0,0.0,0.0,0.0,0.0
1839972177610727732,screenshot_37.png,1,reply,Economy should support Trump,I am a supporter of Donald Trump,,0,0,0,0.0,"Sep 29, 2020",0.0,0.0,0.0,0.0,0.0,0.0,0.0,0.0,0.0,0.0
1839972177610727732,screenshot_37.png,1,reply,"Umm, maybe a little help from the government?",Farhan Khan,,0,0,0,0.0,"Sep 29, 2020",0.0,0.0,0.0,0.0,0.0,0.0,0.0,0.0,0.0,0.0
1839972177610727732,screenshot_4.png,1,tweet,"HAVE YOU EVER BEEN SO RACIST
YOU GOT AN AWARD FROM ROSA PARKS
AND MOHAMED ALI FOR CONTRIBUTING
SO MUCH TO INNER-CITY BLACK YOUTH?",The Company Money,Image shows a news headline about a political figure.,16,2,107,0.0,Sep 28,0.0,0.8,0.2,0.0,0.0,0.0,0.0,0.0,0.0,0.0
1839972177610727732,screenshot_4.png,1,reply,What's happening?,Polymemo,Image shows a news headline about a political figure.,0,0,0,0.0,Sep 28,0.0,0.0,0.0,0.0,0.0,0.0,0.0,0.0,0.0,0.0
1839972177610727732,screenshot_40.png,1,tweet,Stop the fear-mongering. Let's focus on solutions for safety and justice for all Americans.,MuhammadShahid,"Image of a cartoon-like figure with exaggerated features, possibly a political caricature.  Text overlay reads ""Subscribe to Premium to write your own longer posts"".",1,0,3,37.0,5:28 PM,0.7,0.0,0.0,0.0,0.1,0.1,0.0,0.1,0.0,0.0
1839972177610727732,screenshot_40.png,1,tweet,"The Proud One is an adjusted Republican in 2023.  The House, Trump is holding rapid, not in prison, not in the White House.",TheProudOne,"Image of a person (Donald Trump?) with a red background. Text overlay reads ""Subscribe to Premium to write your own longer posts"".",1,1,3,298.0,"Sep 28, 2023",0.2,0.6,0.1,0.0,0.1,0.0,0.0,0.0,0.0,0.0
1839972177610727732,screenshot_40.png,1,tweet,LETS MAKE AMERICA GREAT AGAIN,PROVIDENCE,"Image of a person (Donald Trump?) with a red background. Text overlay reads ""Subscribe to Premium to write your own longer posts"".",0,0,0,0.0,"Sep 28, 2023",0.8,0.0,0.0,0.0,0.2,0.0,0.0,0.0,0.0,0.0
1839972177610727732,screenshot_42.png,1,tweet,Why was it always America's but now what's America's? The person you guys always everything on the last 3 years is suddenly a different person to blame.,Johnny Lovelace,"Multiple images of documents, possibly related to the text.",1,1,1,68.0,Sep 26,0.0,0.0,0.0,0.0,0.0,0.0,0.0,0.0,0.0,0.0
1839972177610727732,screenshot_42.png,1,tweet,"The epic of the idiots and humans that weaponized justice system is sadly destroyed. The swift, that was invented to use.",OC,"Image of a person in a suit, possibly in a government building.",6,8,8,164.0,Sep 26,0.0,0.0,0.0,0.0,0.0,0.0,0.0,0.0,0.0,0.0
1839972177610727732,screenshot_42.png,1,tweet,OF DREAMS IN THEAT,Farhan Khan,Image with a graph or chart.,1,3,27,138.0,11:29,0.0,0.0,0.0,0.0,0.0,0.0,0.0,0.0,0.0,0.0
1839972177610727732,screenshot_43.png,1,tweet,It's important to have open discussions about safety and our communities. Finding effective solutions requires collaboration in order to address these issues!,Drewel Meeks,Image of the world with a light blue sky and white clouds.,564,1,11,0.0,Sep 28,0.7,0.0,0.0,0.0,0.0,0.0,0.0,0.3,0.0,0.0
1839972177610727732,screenshot_43.png,1,tweet,Safety is a priority for everyone. Working together is the key to stronger communities.,Matthew,Image of the world with a light blue sky and white clouds.,0,1,0,0.0,Sep 28,0.9,0.0,0.0,0.0,0.0,0.0,0.0,0.1,0.0,0.0
1839972177610727732,screenshot_45.png,1,tweet,Trump should be president.,jamesamoudy61,Image of Donald Trump with a powerful fist.,3,1,0,458.0,"Sep 28, 2023",0.9,0.0,0.0,0.0,0.2,0.0,0.0,0.1,0.0,0.0
1839972177610727732,screenshot_45.png,1,tweet,"You want great America again, write this man",jamesamoudy61,Image of Donald Trump with a powerful fist.,0,0,0,0.0,"Sep 28, 2023",0.9,0.0,0.0,0.0,0.2,0.0,0.0,0.1,0.0,0.0
1839972177610727732,screenshot_45.png,1,tweet,Trump is not lying.  Keep willfully ignoring.,davidmcanally,Image of Donald Trump.,0,0,0,0.0,"Sep 28, 2023",0.8,0.0,0.0,0.0,0.2,0.0,0.0,0.1,0.0,0.0
1839972177610727732,screenshot_45.png,1,tweet,What's going on,farhankhan95411,Image of a news article,0,0,0,0.0,"Sep 28, 2023",0.0,0.0,0.0,0.5,0.0,0.0,0.0,0.0,0.0,0.5
1839972177610727732,screenshot_46.png,1,tweet,What's happening on #WhatsHappening #2024 #Polymemo #Premium #Subscribe #VoteForDonaldTrump,Muhammad_A1 (@MuhammadA1553551),"Image of Donald Trump, appearing to shoot a beam of light. Text overlay includes 'What's happening on', '#WhatsHappening', '#2024', '#Polymemo', '#Premium', '#Subscribe', '#VoteForDonaldTrump'.",0,0,0,0.0,Sep 28,0.8,0.0,0.1,0.0,0.1,0.0,0.0,0.0,0.0,0.0
1839972177610727732,screenshot_46.png,1,tweet,America to Premium to write your own posts,Coi (@Coi_Ox13),Image of Donald Trump. Text overlay includes 'America to Premium to write your own posts'.,0,0,0,0.0,Sep 28,0.9,0.0,0.0,0.0,0.1,0.0,0.0,0.0,0.0,0.0
1839972177610727732,screenshot_49.png,1,tweet,"America will Premium to write your own longer posts
Write longer posts and text formatting such as bold and italic.",monona,"Image shows a promotional banner for a premium Twitter service, highlighting the ability to write longer posts with formatting options.",0,0,0,0.0,Sep 28,0.0,0.0,0.0,0.0,0.0,0.0,0.0,0.0,0.0,0.0
1839972177610727732,screenshot_49.png,1,tweet,With #Equifax time is a mission to the destiny We need to save the world,monona,Image shows a picture of a person in a space suit.,0,0,0,0.0,Sep 28,0.0,0.0,0.0,0.0,0.0,0.0,0.0,0.0,0.0,0.0
1839972177610727732,screenshot_49.png,1,tweet,The Greatest President of Our Generation,ChukwumaMuonyei,Image shows a picture of Donald Trump.,0,0,0,0.0,Sep 28,1.0,0.0,0.0,0.0,0.5,0.0,0.0,0.5,0.0,0.0
1839972177610727732,screenshot_51.png,1,tweet,"Subscribe to Premium to write your own longer posts.
Write longer posts and apply formatting such as bold and italic.",Farhan Khan,Image shows a Twitter page with a subscription option for premium users to write longer posts.,0,0,0,0.0,Sep 28,0.0,0.0,0.0,0.0,0.0,0.0,0.0,0.0,0.0,0.0
1839972177610727732,screenshot_51.png,1,tweet,The barrier must be closed and people can use the normal method the government gate.,SK Tiwari,Image shows a Twitter post with a picture of a gate.,1,1,1,0.0,Sep 28,0.0,0.0,0.0,0.0,0.0,0.0,0.0,0.0,0.0,0.0
1839972177610727732,screenshot_51.png,1,tweet,Overriding the security measures ensures that it protects certain society and its citizens should a subject period or certain,Olivera,Image shows a Twitter post with a picture of a security system.,0,0,0,0.0,Sep 28,0.0,0.0,0.0,0.0,0.0,0.0,0.0,0.0,0.0,0.0
1839972177610727732,screenshot_51.png,1,tweet,Trump is a loser,Franklin,Image shows a Twitter post with a picture of Donald Trump.,1,1,3,0.0,2h,0.0,0.5,0.0,0.0,0.0,0.0,0.0,0.0,0.0,0.0
1839972177610727732,screenshot_55.png,1,tweet,"If the electorate in Louisiana's 6th congressional district to cast their ballots today, they would likely choose

Speaker Mike Johnson 91%
Josh Miller 9%",Joshua Morrell,Image shows a poll graphic with percentages for Speaker Mike Johnson and Josh Miller.,113,13,27,118.0,Sep 29,0.0,0.0,0.0,0.0,0.0,0.0,0.0,0.0,0.0,0.0
1839972177610727732,screenshot_55.png,1,tweet,"Subscribe to Premium to write your own longer posts.
Write longer posts and apply easy formatting such as bold and italic text.
Subscribe",Politico,Image shows a call to subscribe to a premium service for writing longer posts.,0,0,0,0.0,Sep 29,0.0,0.0,0.0,0.0,0.0,0.0,0.0,0.0,0.0,0.0
1839972177610727732,screenshot_57.png,1,tweet,158 Dems vote against bill to deport illegal immigrants who commit sex crimes. Rep. Nancy Mace by the Violence Against Women Act earlier this year.,Elizabeth Elkind,Image shows a graphic of a news article headline about 158 Dems voting against a bill to deport illegal immigrants who commit sex crimes.,0,0,0,0.0,"September 18, 2024, 4:56pm EDT",0.0,0.0,0.0,0.0,0.0,0.0,0.0,0.0,0.0,0.0
1839972177610727732,screenshot_57.png,1,tweet,"FOX, MSNBC, CNN, KOMO: Why don't you broadcast our local TV stories?  Seriously, who's voting for you? #VOTE",Michelle Monson,Image shows a graphic of a news article headline about local TV stories and voting.,0,0,0,0.0,"September 29, 2024",0.0,0.0,0.0,0.0,0.0,0.0,0.0,0.0,0.0,0.0
1839972177610727732,screenshot_57.png,1,tweet,Mainstream Media,Farhan Khan,"Image shows a graphic with the text ""Mainstream Media"" overlaid on a news-style image.",0,0,0,0.0,,0.0,0.0,0.0,0.0,0.0,0.0,0.0,0.0,0.0,0.0
1839972177610727732,screenshot_61.png,1,tweet,"Donald Trump is expertly leveraging language, advocating a ""unified field""... We made this ad in 2020, thinking that we would never have to release it.  After Trump's latest entrance, such fascism, we have.",Farhan Khan,"A video of a woman in a kitchen, with text overlayed.",0,0,0,0.0,2:46,0.0,0.2,0.0,0.0,0.0,0.0,0.1,0.0,0.0,0.0
1839972177610727732,screenshot_62.png,1,tweet,"Because, people know we will have peace, and prosperity.",FarhanKhan9541,Image of Donald Trump.,1,1,3,40.0,"Sep 28, 2023",0.8,0.0,0.0,0.0,0.2,0.0,0.0,0.9,0.0,0.0
1839972177610727732,screenshot_62.png,1,tweet,The World needs you President Trump especially because of the war in Ukraine.,StarWars1979,Image of Donald Trump.,13,1,1,40.0,"Sep 28, 2023",0.9,0.0,0.0,0.0,0.2,0.0,0.1,0.7,0.0,0.0
1839972177610727732,screenshot_8.png,1,tweet,"He has the plan for securing the Majority. SUPPORT DONALD TRUMP'S PROMISE TO ENACT 'LARGEST DEPORTATION IN AMERICAN HISTORY...""",Farhan Khan,A scanned image of a test paper/document with writing.,0,0,0,0.0,"Sep 18, 2020",1.0,0.0,0.0,0.0,0.5,0.0,0.0,0.0,0.0,0.0
1840145860304466015,screenshot_1.png,1,tweet,"This is a selection of @Freedom is Briefly... We cannot afford another four years of Kamala Harris. Stand Up, Vote Trump.",Chuck Callesto,"Image shows people in a coffee shop, with a sign that says ""The cooperation area of that store cannot be used by men and women"".",1028,609,26,0.0,Sep 29,0.7,0.1,0.0,0.0,0.1,0.1,0.0,0.0,0.0,0.0
1840145860304466015,screenshot_1.png,1,tweet,Who is old enough to remember when Trump SLAPPED Vince McMahon in the face?,Farhan Khan,,406,13,2,0.0,Sep 29,0.0,0.6,0.3,0.0,0.0,0.0,0.0,0.0,0.0,0.0
1840145860304466015,screenshot_11.png,1,tweet,"Subscribe to write your own longer posts.
Write longer posts and apply formatting such as bold and italic.",Alana üáµüá≠ @alanapresidente_empl Sep 29,"Image of a woman with a smile, possibly a politician or influencer.",0,0,0,0.0,Sep 29,0.0,0.0,0.0,0.0,0.0,0.0,0.0,0.0,0.0,0.0
1840145860304466015,screenshot_11.png,1,tweet,"#Polymarket
#Trending in United States
#Trending in United States
#Emergency Services
#Politics
#Trending",SadieSapaDoge @SadieSapaDoge Sep 29,"Image of a woman with a braid, possibly a politician or influencer.",0,0,0,0.0,Sep 29,0.0,0.0,0.0,0.0,0.0,0.0,0.0,0.0,0.0,0.0
1840145860304466015,screenshot_11.png,1,tweet,Trump is a loser,Franklin @franklinsbored Sep 29,Image of a person's head and shoulders.,1,3,27,138.0,Sep 29,0.0,0.8,0.0,0.0,0.0,0.0,0.0,0.0,0.0,0.2
1840145860304466015,screenshot_12.png,1,tweet,"I'm 89 years old and I'm in Gerz.
I've been waiting for Donald Trump because he arrested more child traffickers than ANY OTHER PRESIDENT.
Kamala has overseen the largest child trafficking operation in HISTORY.
Like, share, and follow me you're welcome.",Big London,Image of a man in a collared shirt and a baseball cap.  The image appears to be a photo of the man.,2,1,1,63.0,Sep 29,0.6,0.2,0.1,0.0,0.1,0.7,0.3,0.0,0.0,0.0
1840145860304466015,screenshot_12.png,1,tweet,"Subscribe to Premium to write your own longer posts.
Write longer posts and apply formatting such as bold and italic.",45th President of the United States of America,Image of a person with a subscription button.,0,0,0,0.0,,0.0,0.0,0.0,0.0,0.0,0.0,0.0,0.0,0.0,0.0
1840145860304466015,screenshot_15.png,1,tweet,Subscribe to Premium to write your own longer posts. Write longer posts and text formatting such as bold and italic.,Blanco,Image of Donald Trump in chains.,587,48,458,0.0,Sep 23,0.0,0.0,0.0,0.0,0.0,0.0,0.0,0.0,0.0,0.0
1840145860304466015,screenshot_16.png,1,tweet,WE ARE GOING TO MAKE THE UNITED STATES GREAT AGAIN,Dedeke,"Video of a large crowd of people, likely at a political rally, with the words ""TRUMP"" prominently displayed.",423,1,13,0.0,Sep 28,0.8,0.0,0.0,0.0,0.7,0.2,0.0,0.6,0.0,0.0
1840145860304466015,screenshot_16.png,1,tweet,Hey gang! Let's get you voting for Trump!,IWantTheTruth88,Empty,1,1,1,0.0,Sep 28,0.9,0.0,0.0,0.0,0.6,0.1,0.0,0.5,0.0,0.0
1840145860304466015,screenshot_16.png,1,tweet,Subscribe to write your own Premium posts longer posts.,405th President of the United States,Empty,0,0,0,0.0,,0.0,0.0,0.0,0.0,0.0,0.0,0.0,0.0,0.0,0.0
1840145860304466015,screenshot_19.png,1,tweet,"Donald Trump stands as the last line of defense to protect America's values and future, and act decisively.",Farhan Khan,Image of Donald Trump with an American flag.,0,0,0,0.0,Sep 29,0.8,0.0,0.0,0.0,0.7,0.0,0.1,0.3,0.0,0.0
1840145860304466015,screenshot_19.png,1,tweet,"Subscribe to Premium to write your own longer posts.
Write longer posts and add formatting such as bold, italic and more.
Subscribe",Record Headline,"Image of a person in a suit, possibly a cartoon or illustration.",0,0,0,0.0,,0.0,0.0,0.0,0.0,0.0,0.0,0.0,0.0,0.0,0.0
1840145860304466015,screenshot_19.png,1,tweet,"What's happening
#Polymetier
#Polymetier
Promote your free-election forecasts.
Trending in United States
Trending Services
Emergency Services
Politics
18.3k costs
Trending
Alternation
511k posts",Nteka Flabo,Image of a cartoon figure holding a flag.,0,0,0,0.0,Sep 29,0.0,0.0,0.0,0.0,0.0,0.0,0.0,0.0,0.0,0.0
1840145860304466015,screenshot_20.png,1,tweet,The Final Stand TRUMP 2024,Berk0,"Image of a person in a suit, American flag in the background, and text ""The Final Stand TRUMP 2024""",11,1,4,465.0,Sep 29,0.8,0.0,0.0,0.0,0.6,0.1,0.0,0.2,0.0,0.0
1840145860304466015,screenshot_20.png,1,tweet,I'M VOTING FOR THE OUTLAW,Thornton,Image of a person in a cowboy hat and shirt,1,1,1,37.0,Sep 29,0.9,0.0,0.0,0.0,0.2,0.1,0.0,0.1,0.0,0.0
1840145860304466015,screenshot_22.png,1,tweet,The entire country loves you.,Farhan Khan,Image of a person with a flag in the background.,4,0,0,402.0,"Sep 29, 2023",0.8,0.0,0.0,0.0,0.2,0.0,0.0,0.6,0.0,0.0
1840145860304466015,screenshot_22.png,1,tweet,"Crypto Service Company Prez

CA, TVG Govt/Stay2On

Floors left and its still a Secret

$20K FOMC

Election News headlines

Recent news soon

Show That",Crypto Service Company Prez,Image of a burning pile of money and a flag.,18,0,0,428.0,Sept 29,0.0,0.2,0.1,0.3,0.0,0.0,0.1,0.0,0.3,0.0
1840145860304466015,screenshot_23.png,1,tweet,The greatest President is here coming! TRUMP 2024!,FarhanKhan,"Image shows Donald Trump with text overlay reading ""The greatest President is here coming! TRUMP 2024!""",0,0,0,0.0,Sep 25,1.0,0.0,0.0,0.0,0.0,0.0,0.0,0.0,0.0,0.0
1840145860304466015,screenshot_24.png,1,tweet,"Subscribe to Premium to write your own longer posts.
Write longer posts and apply formatting such as bold and italic.
Subscribe",45th President of the United States,Image of Donald Trump,0,0,0,0.0,Sep 29,0.0,0.0,0.0,0.0,0.0,0.0,0.0,0.0,0.0,0.0
1840145860304466015,screenshot_24.png,1,tweet,"Camron Eaglesman @CamronEaglesman ¬∑ Sep 29
Mass everywhere you go!
2016 supports nothing you!
We are going to make this too big too big",Camron Eaglesman,,0,0,0,0.0,Sep 29,0.0,0.0,0.0,0.0,0.0,0.0,0.0,0.0,0.0,0.0
1840145860304466015,screenshot_24.png,1,tweet,"DogFacePanda @DogFacePanda ¬∑ Sep 29
Let's Go Trump",DogFacePanda,,0,0,0,0.0,Sep 29,0.0,0.0,0.0,0.0,0.0,0.0,0.0,0.0,0.0,0.0
1840145860304466015,screenshot_24.png,1,tweet,Farhan Khan @farhankhan9411,Farhan Khan,,0,0,0,0.0,,0.0,0.0,0.0,0.0,0.0,0.0,0.0,0.0,0.0,0.0
1840145860304466015,screenshot_27.png,1,tweet,"In a couple of days, this crap ends.  #FF7FY23 #Sep29",Sheri (@Sheri77777777),Image of a woman in military-style uniform.,18,0,0,538.0,Sep 29,0.0,0.0,0.0,0.0,0.0,0.0,0.0,0.5,0.0,0.0
1840145860304466015,screenshot_27.png,1,tweet,"KAMALA HARRIS HOLDING RALLY IN CAROLINA SEPTEMBER 12, 2024",Farhan Khan (@FarhanKhan9541),,1,0,3,136.0,Sep 29,0.0,0.0,0.0,0.0,0.0,0.0,0.0,0.0,0.0,0.0
1840145860304466015,screenshot_28.png,1,tweet,"KAMALA HARRIS HOLDING RALLY IN N. CAROLINA SEPTEMBER 12, 2024",Farhan Khan,"A video of Kamala Harris at a rally, playing on a Twitter post.",0,0,0,0.0,"September 12, 2024",0.0,0.0,0.0,0.0,0.0,0.0,0.0,0.0,0.0,0.0
1840145860304466015,screenshot_30.png,1,tweet,This man is our very last Chance to Save America from a complete Communist takeover,StanSandman,Image of Donald Trump with text overlay about subscribing to premium posts.,1,1,8,29.0,Sep 29,0.8,0.2,0.0,0.0,0.7,0.1,0.6,0.1,0.0,0.0
1840145860304466015,screenshot_31.png,1,tweet,Optimizing [image description].  #Polymarket #2024 #TrumpVsBiden,Optimizing [image description],"Two men, one in a dark suit and the other in a white shirt, are pictured. The image appears to be from a tweet.",157,0,0,0.0,Sep 29,0.0,0.0,0.0,0.0,0.0,0.0,0.0,0.0,0.0,0.0
1840145860304466015,screenshot_31.png,1,tweet,Thanks Mr. [image description]. 2024 #TrumpVsBiden,Mr. [image description],A picture of a person in a white shirt.,88,0,0,0.0,Sep 29,0.0,0.0,0.0,0.0,0.0,0.0,0.0,0.0,0.0,0.0
1840145860304466015,screenshot_31.png,1,tweet,Confirming: The biggest hoax from [image description]. #TrumpVsBiden #2024,Farhan Khan,A picture of a person in a dark suit.,0,0,0,0.0,Sep 29,0.0,0.0,0.0,0.0,0.0,0.0,0.0,0.0,0.0,0.0
1840145860304466015,screenshot_33.png,1,tweet,AMERICAN PEOPLE ARE WITH TRUMP,TRUMP ARMY,Image of Donald Trump with a large crowd cheering him on.,458,16,23,106.0,Sep 29,0.9,0.0,0.0,0.0,0.2,0.1,0.0,0.1,0.0,0.0
1840145860304466015,screenshot_37.png,1,tweet,"Trump is great politician, great leader, humble being",Aaron_Mayhem00,"A picture of a yellow, smiley-faced sphere.",13,1,1,57.0,Sep 29,0.8,0.0,0.0,0.0,0.0,0.0,0.0,0.2,0.0,0.0
1840145860304466015,screenshot_37.png,1,tweet,Subscribe to Premium to write your own longer posts,Hollywood_Tweets,A video screen showing a live stream or video content.,0,0,0,0.0,Sep 29,0.0,0.0,0.0,0.0,0.0,0.0,0.0,0.0,0.0,0.0
1840145860304466015,screenshot_37.png,1,tweet,All you need to know,Hollywood_Tweets,A video screen showing a live stream or video content.,0,0,0,0.0,Sep 29,0.0,0.0,0.0,0.0,0.0,0.0,0.0,0.0,0.0,0.0
1840145860304466015,screenshot_37.png,1,tweet,Trump is a loser,Franklin,A profile picture of a person.,1,3,27,138.0,2h,0.0,0.7,0.0,0.0,0.0,0.0,0.0,0.0,0.0,0.0
1840145860304466015,screenshot_38.png,1,tweet,Those you love so hard hurts you the most.  You should be ashamed.,LandellWhitaker,Image shows a person with a serious facial expression.,0,0,0,0.0,Sep 25,0.0,0.5,0.0,0.0,0.0,0.0,0.0,0.0,0.0,0.0
1840145860304466015,screenshot_38.png,1,tweet,"God bless the USA!  God speed, good folk.",Chris,Image shows a person in a suit with an American flag in the background.,0,0,0,0.0,Sep 25,0.8,0.0,0.0,0.0,0.7,0.0,0.0,0.5,0.0,0.0
1840145860304466015,screenshot_38.png,1,tweet,Calling all common-sense Independents,SpiritedWarrior,"Image shows a person with a banner that says ""Calling all common-sense Independents"".",0,0,0,0.0,Sep 25,0.0,0.0,0.0,0.0,0.0,0.0,0.0,0.0,0.0,0.0
1840145860304466015,screenshot_42.png,1,tweet,you're voting for Trump to WANT TO FOLLOW YOU! Wife let's go back to the Commissies! Sep 29,Franklin,"Image of a person with a graphic that says ""MAKE AMERICA MOG AGAIN""",1,0,0,493.0,Sep 29,0.7,0.0,0.1,0.0,0.8,0.1,0.0,0.2,0.0,0.0
1840145860304466015,screenshot_42.png,1,tweet,We need you back! #MAGA2024,India Mart,"Image with a graphic that says ""MAKE AMERICA MOG AGAIN""",1,0,0,177.0,Sep 29,0.8,0.0,0.0,0.0,0.9,0.0,0.0,0.1,0.0,0.0
1840145860304466015,screenshot_44.png,1,tweet,"Thanks @realDonaldTrump! 
That's my President",Jayson_Royal,,1,0,0,0.0,Sep 29,1.0,0.0,0.0,0.0,0.0,0.0,0.0,0.0,0.0,0.0
1840145860304466015,screenshot_44.png,1,tweet,"Just thinking in @realDonaldTrump is on the campaign trail, and to keep something to pray about. We need to return to faith through these dark times in America. Return to faith to help fight this darkness.",DaleRichardson,,8,0,0,0.0,Sep 29,0.8,0.0,0.0,0.0,0.1,0.0,0.1,0.0,0.0,0.0
1840145860304466015,screenshot_44.png,1,tweet,Note for Today! #Election2024,JoeBiden,,130,0,0,0.0,Sep 29,0.0,0.0,0.0,0.0,0.0,0.0,0.0,0.0,0.0,0.0
1840145860304466015,screenshot_44.png,1,tweet,Thank you President,FarhanKhan9541,,0,0,0,0.0,Sep 29,1.0,0.0,0.0,0.0,0.0,0.0,0.0,0.0,0.0,0.0
1840145860304466015,screenshot_45.png,1,tweet,"IF TRUMP IS CERTAIN TO LOSE TO KAMALA, WHY DO THEY KEEP TRYING TO KILL HIM?",LancerEpicTweet,"Image appears to be a screenshot of a Twitter post, possibly a news article or a political statement.",28,2,0,526.0,Sep 25,0.0,0.8,0.1,0.0,0.0,0.0,0.1,0.0,0.0,0.0
1840145860304466015,screenshot_46.png,1,tweet,"https://www.washingtonpost.com/news/monkey-cage/wp/2018/09/27/the-trump-2020-campaign-is-already-making-false-claims-about-the-election/amp/?outputType=amp

Patents are to amend.

> later, to amend.

> RIGHTS are in pursuit of common goals.

>‚ÜíHUMANITY

>‚ÜíGOOD

>‚ÜíEVIL

>Patents are not divided. OK is not

>POWER OVER ANOTHER PERSON

We do not fight separate us.

We are STRONG TOGETHER.

WE ARE THE PEOPLE!",C10x0E0Z5,"Image shows a website link and text about patents, rights, and common goals.",0,0,0,0.0,Sep 29,0.6,0.1,0.0,0.1,0.1,0.1,0.0,0.1,0.0,0.0
1840145860304466015,screenshot_46.png,1,tweet,We love you President Trump! ‚ù§Ô∏èüá∫üá∏,FarhanKhan,Image of Donald Trump.,0,0,0,0.0,Sep 30,0.9,0.0,0.0,0.0,0.1,0.0,0.0,0.0,0.0,0.0
1840145860304466015,screenshot_48.png,1,tweet,"I WILL NOT SHUT UP
I WILL NOT COMPLY
I WILL NOT GIVE IN",MARKWICKE,"Image of Donald Trump in a suit, with the text overlayed on the image.",60,4,12,650.0,Sep 29,0.0,0.0,0.0,0.0,0.0,0.0,0.0,0.0,0.0,0.0
1840145860304466015,screenshot_48.png,1,tweet,"Subscribe to Premium to write your own longer posts.
Write longer posts and apply formatting such as bold, italic and table.",Americaüá∫üá∏,Image of a subscription button.,0,0,0,0.0,,0.0,0.0,0.0,0.0,0.0,0.0,0.0,0.0,0.0,0.0
1840145860304466015,screenshot_48.png,1,tweet,"What's happening
#Polymarket",a_Republic,Image of a chart or graph.,0,0,0,0.0,Sep 26,0.0,0.0,0.0,0.0,0.0,0.0,0.0,0.0,0.0,0.0
1840145860304466015,screenshot_49.png,1,tweet,I AM AN AMERICAN AND THE CORP OF ALL THE SICK!,Robert F. Kennedy Jr. (@RobertKennedyJr),"Image of a cartoon figure resembling Robert F. Kennedy Jr. in a jetpack, with smoke and flames, suggesting a sense of defiance or action.",13,68,4,0.0,Sep 25,0.7,0.1,0.1,0.0,0.8,0.2,0.0,0.0,0.0,0.0
1840145860304466015,screenshot_51.png,1,tweet,Excited for this! WHAT YOU THINK GUYS? #Doge,Prammal Rao,"Image of two people, one of whom appears to be Donald Trump, and a graphic with the text ""DOG.E"". There is also text related to the Department of Government Efficiency.",203,3,2,0.0,Sep 28,0.6,0.0,0.1,0.1,0.1,0.0,0.0,0.1,0.0,0.0
1840145860304466015,screenshot_51.png,1,tweet,Excited for this! WHAT YOU THINK GUYS?,Prammal Rao,"Image of two people, one of whom appears to be Donald Trump, and a graphic with the text ""DOG.E"". There is also text related to the Department of Government Efficiency.",0,0,0,0.0,Sep 29,0.6,0.0,0.1,0.1,0.1,0.0,0.0,0.1,0.0,0.0
1840145860304466015,screenshot_52.png,1,tweet,"In the very least, the person who says all these things, I think, has talked to people from the very top of society, people who could possibly be in the loop on what's happening so the President Trump was always in the loop.",Farhan Khan,,1,3,27,138.0,Sep 26,0.0,0.0,0.0,0.0,0.0,0.0,0.0,0.0,0.0,0.0
1840145860304466015,screenshot_52.png,1,tweet,Thank you Donald Trump,Shabika Banerjee,Image of Donald Trump,1,6,167,485.0,Sep 26,0.8,0.0,0.0,0.0,0.0,0.0,0.0,0.2,0.0,0.0
1840145860304466015,screenshot_52.png,1,tweet,"Subscribe to Premium to write your own long posts
Write longer posts and add formatting such as bold text and italics.",President of the United States of America,Image of a dog,1,1,1,3.0,Sep 26,0.0,0.0,0.0,0.0,0.0,0.0,0.0,0.0,0.0,0.0
1840145860304466015,screenshot_57.png,1,tweet,"THEY ARE DONALD WILL!  

 @George_Goodwill Sep 28
We are seeing for what it is. 

#TRUMP2024",Yale HPD,"A fist clenched in a political context, possibly representing strength or power.",0,0,0,0.0,Sep 28,0.8,0.0,0.0,0.0,0.7,0.0,0.0,0.5,0.0,0.0
1840145860304466015,screenshot_57.png,1,tweet,"You never cease to amaze us. You are taking a definite stance, and always doing what is right. 

Taking a stand for the people. 

Then digging us out. 

They hid the clowns, 

And you're strong and can be trusted. 

But you're keeping us face to face with the truth. 

#TRUMP2024",Yale HPD,"A fist clenched in a political context, possibly representing strength or power.",0,0,0,0.0,Sep 28,0.9,0.0,0.0,0.0,0.8,0.1,0.0,0.6,0.0,0.0
1840145860304466015,screenshot_58.png,1,tweet,"I'm fighting for YOU!!!

ONE of 4444 | @StylEye48 | Sep 29
WE GO BACK, STAY FIGHTING THE GOOD FIGHT!!! üí™üî•",Farhan Khan,"Image shows a picture of Donald Trump, along with some other images of unidentified people and objects.",1,0,0,45.0,1:2,0.8,0.0,0.0,0.0,0.2,0.0,0.0,0.5,0.0,0.0
1840145860304466015,screenshot_59.png,1,tweet,"Subscribe to Premium to write your own longer posts.
Write longer posts and apply formatting such as bold text and italic.",Crypto Mona Lisa8555,"Image shows two men, possibly political figures, in front of a backdrop that appears to be a stylized representation of space or a futuristic setting. The image is likely a promotional graphic for a premium subscription service on a social media platform.",18,0,0,82.0,Sep 29,0.0,0.0,0.0,0.0,0.0,0.0,0.0,0.0,0.0,0.0
1840145860304466015,screenshot_59.png,1,tweet,#FarhanKhan,FarhanKhan,"Image of a dog wearing a t-shirt with the word ""MISHA"" on it.",1,0,0,92.0,Sep 29,0.0,0.0,0.0,0.0,0.0,0.0,0.0,0.0,0.0,0.0
1840145860304466015,screenshot_6.png,1,tweet,We are not going back to the White House,Elon Musk,"Image shows a picture of a person holding a sign that says ""We are not going back to the White House"".",18,0,21,428.0,Sep 29,0.0,0.0,0.0,0.0,0.0,0.0,0.0,0.0,0.0,0.0
1840145860304466015,screenshot_6.png,1,tweet,Subscribe to Premium to write your own longer posts. Write longer posts and apply formatting such as bold and italic.,Elon Musk,"Image shows a button that says ""Subscribe to Premium"".",0,0,0,0.0,Sep 29,0.0,0.0,0.0,0.0,0.0,0.0,0.0,0.0,0.0,0.0
1840145860304466015,screenshot_6.png,1,tweet,What's happening,Ancestry,Image shows a picture of Donald Trump.,0,0,0,0.0,Sep 25,0.0,0.0,0.0,0.0,0.0,0.0,0.0,0.0,0.0,0.0
1840145860304466015,screenshot_60.png,1,tweet,"Subscribe to Premium to write your own longer posts.
Write longer posts and apply formatting such as bold, italic and lists.
Subscribe",Farhan Khan,"Image shows a banner with the text ""TRUMP 2024 WOMEN FOR TRUMP"" and a logo. Below the banner, there is a text that says ""What's happening"" and a link to a live video. There is also a TikTok logo.",1,0,9,483.0,Sep 29,0.7,0.0,0.0,0.0,0.6,0.1,0.0,0.2,0.0,0.0
1840145860304466015,screenshot_62.png,1,tweet,"Subscribe to Premium to write your own longer posts.
Write longer posts and apply formatting such as bold and italic.",NEWoRKS,"Image shows a picture of Donald Trump with a red glow around him, superimposed on a map of Wisconsin.",105,6,486,0.0,"Sep 25, 2023",0.7,0.1,0.0,0.0,0.1,0.0,0.0,0.1,0.0,0.0
1840145860304466015,screenshot_62.png,1,tweet,Trump is a loser,FranklinKimsbored,Image of a cartoon-like drawing of Donald Trump with wings.,13,1,27,0.0,2h,0.0,0.9,0.0,0.0,0.0,0.0,0.0,0.0,0.0,0.0
1840145860304466015,screenshot_62.png,1,tweet,#TooBigToRig,Liberacat,"Image of a sign that says ""TOO BIG TO RIG"" in large, bold letters.",10,12,57,0.0,2h,0.0,0.8,0.0,0.0,0.0,0.1,0.1,0.0,0.0,0.0
1840145860304466015,screenshot_65.png,1,tweet,"senile Monet, Donald Trump just claimed that our nation was wealthiest in 1890. He couldn't be more wrong. The U.S. economy is stronger than ever. Retweet to make sure all Americans see how senile Trump is.",Bobb_Wrenke,,0,0,0,0.0,Sep 28,0.0,0.5,0.5,0.0,0.0,0.0,0.0,0.0,0.0,0.0
1840145860304466015,screenshot_65.png,1,reply,Thanks @Bobb_Wrenke! You are correct!  I was wondering when many of those polls did not reflect the belief that they may have specific perspectives. Just did a double take.,Chris_123,,0,0,0,0.0,Sep 29,0.7,0.0,0.0,0.0,0.0,0.0,0.0,0.0,0.0,0.0
1840145860304466015,screenshot_65.png,1,reply,"Wisconsinite.  Do you support President Trump if you are voting for Trump, Comment a Yes!",FarhanKhan,Image of an American bald eagle with an American flag in the background.,0,0,0,0.0,Sep 29,0.8,0.0,0.0,0.0,0.2,0.0,0.0,0.0,0.0,0.0
1840145860304466015,screenshot_67.png,1,tweet,"True leaders are not manufactured. They rise up in the course of battle.  Who supports that patriotic, Trump style and who want to save American men, MAGA and KAG.",Terrence Simpson,"Image shows several people's faces, possibly political figures.  The image appears to be a collection of portraits or headshots.",988,11,517,0.0,Sep 25,0.6,0.2,0.0,0.1,0.7,0.5,0.1,0.2,0.1,0.0
1840145860304466015,screenshot_68.png,1,tweet,"Marjorie Taylor Greene Press Release (Ready) 
Mississippi cannot simply turn away the desperate from the border. 
Immigrants.  #FEV2020",Marjorie Taylor Greene,Image of Marjorie Taylor Greene.  A press release about immigrants.,92,82,28,262.0,Sep 29,0.6,0.2,0.0,0.0,0.7,0.1,0.1,0.0,0.0,0.0
1840145860304466015,screenshot_68.png,1,tweet,Bill DeBlasio wants to send us on a beach vacation,Bill DeBlasio,Image of Bill DeBlasio.  A tweet about a vacation.,80,7,13,136.0,Sep 28,0.0,0.8,0.2,0.0,0.0,0.0,0.0,0.0,0.0,0.0
1840145860304466015,screenshot_70.png,1,tweet,Subscribe to Premium to write your own longer posts. Write as longer text and apply formatting such as bold and italic.,g.groves.x,Donald Trump dancing in a suit.,0,0,0,0.0,Sep 29,0.0,0.0,0.0,0.0,0.0,0.0,0.0,0.0,0.0,0.0
1840145860304466015,screenshot_70.png,1,tweet,What's happening in #Polymeco #Polymeco_live,Shaima_K_Nassarallah,Image of a graph or chart.,0,0,0,0.0,Sep 29,0.0,0.0,0.0,0.0,0.0,0.0,0.0,0.0,0.0,0.0
1840145860304466015,screenshot_70.png,1,tweet,"Reconnecting with my people, and I'm so grateful for the love and support. #MyPeople #MyLove #MySupport",Hani_J_Jabari,Image of a person.,0,0,0,0.0,Sep 29,0.0,0.0,0.0,0.0,0.0,0.0,0.0,0.0,0.0,0.0
1840145860304466015,screenshot_70.png,1,tweet,Micronesia (CFS) Enjoy Gossip,FarhanKhan9541,Image of a person.,0,0,0,0.0,Sep 29,0.0,0.0,0.0,0.0,0.0,0.0,0.0,0.0,0.0,0.0
1840145860304466015,screenshot_73.png,1,tweet,Where Do We Go From Here? #TruthSocial #TruthSocialLive #2024Election #AmericanElection #Election2024 #Politics #Trending #USPolitics #USElection #Election,Truth Social üá∫üá∏,"A video playing on the screen.  A video of a person speaking, possibly a news report or a political speech.",2,1,2,587.0,Sep 29,0.0,0.0,0.0,0.0,0.0,0.0,0.0,0.0,0.0,0.0
1840145860304466015,screenshot_73.png,1,tweet,Where Do We Go From Here? #TruthSocial #TruthSocialLive #2024Election #AmericanElection #Election2024 #Politics #Trending #USPolitics #USElection #Election,assassinep,"A meme image with various characters, including cartoon representations of political figures like Trump, and images of flags. The image appears to be a collage or a graphic design.",1,0,0,10.0,Sep 29,0.0,0.0,0.0,0.0,0.0,0.0,0.0,0.0,0.0,0.0
1840145860304466015,screenshot_73.png,1,tweet,Trump is a loser,Franklin,A profile picture of the user.,1,0,3,13.0,2h,0.0,0.5,0.0,0.0,0.0,0.0,0.0,0.0,0.0,0.0
1840145860304466015,screenshot_74.png,1,tweet,"Thank you, commander and chief",Chad (@Chad0557),A picture of a man in military uniform.,0,0,0,0.0,Sep 26,0.9,0.0,0.0,0.0,0.1,0.0,0.0,0.0,0.0,0.0
1840145860304466015,screenshot_74.png,1,tweet,"Thank you for inspiring us, Mr. President!  (Wisconsin 09-29-24)",PRESIDENT TRUMP (@RealDonaldTrump),A picture of a man in military uniform.,0,0,0,0.0,Sep 25,1.0,0.0,0.0,0.0,0.0,0.0,0.0,0.0,0.0,0.0
1840145860304466015,screenshot_76.png,1,tweet,"Trump makes false claims about immigrants and calls the radicals and countries far longer delays. 

Even News is attempting to expose the Senate GOP Border Bill",Farhan Khan,"Video of news report, possibly about the Senate GOP Border Bill",63,2,1,1364.0,"September 2, 2022",0.0,0.5,0.0,0.0,0.0,0.0,0.3,0.0,0.2,0.0
1840145860304466015,screenshot_76.png,1,reply,Thanks for what the best! In a camper. üá∫üá∏  #Forever_Veteran  #Biden #Gabbott #much_so #Sept_2021,Ruben Michaels,"Image of a person in a camper van, possibly with American flags",79,4,5,1126.0,"September 2, 2022",0.8,0.0,0.0,0.0,0.6,0.0,0.0,0.3,0.0,0.0
1840145860304466015,screenshot_8.png,1,tweet,The Trump campaign is still not where it needs to be.,Farhan Khan,"Image of a man, possibly a political figure, with the text ""A SUPERHUMAN EFFORT"" overlaid on it.",13,1,27,463.0,Sep 25,0.0,0.0,0.0,0.0,0.0,0.0,0.0,0.0,0.5,0.0
1840145860304466015,screenshot_8.png,1,tweet,"Subscribe to Premium to write your own longer posts.
Write longer posts and apply formatting such as bold, italic and table.",Montana Kim,"Image of Donald Trump with the text ""A SUPERHUMAN EFFORT"" overlaid on it.",11,1,40,537.0,Sep 25,0.0,0.0,0.0,0.0,0.0,0.0,0.0,0.0,0.0,0.0
1840145860304466015,screenshot_9.png,1,tweet,TRUMP NEEDS TO BEAT HARRIS.,BeatyOrDie17,Image of Donald Trump and Kamala Harris.,0,0,0,0.0,"Sep 28, 2023",0.0,0.0,0.0,0.0,0.0,0.0,0.0,0.0,0.0,0.0
1840145860304466015,screenshot_9.png,1,tweet,TRUMP DOES NOT NEED TO BEAT HARRIS.,FarhanKhan,Image of Donald Trump.,0,0,0,0.0,,0.0,0.0,0.0,0.0,0.0,0.0,0.0,0.0,0.0,0.0
